Ch1 Amplitude,Ch2 Amplitude,Cluster
1486.74487,2239.17578,1
1629.95361,2080.03687,1
1649.55725,2819.057,1
1663.02649,2623.07275,1
1680.93408,2210.35986,1
1682.66772,2302.155,1
1716.31958,2442.937,1
1721.3335,2444.73779,1
1732.44446,2537.2356,1
1740.198,2486.93652,1
1747.68811,2609.03955,1
1756.12256,2715.549,1
1775.059,2728.53882,1
1776.69861,2721.30835,1
1784.26172,3046.08887,1
1791.45728,2621.1062,1
1802.38721,2787.02026,1
1803.43909,2644.83,1
1807.09436,2699.69775,1
1807.91833,2460.76245,1
1812.932,2665.764,1
1813.27686,2445.60034,1
1821.31738,2769.205,1
1828.03918,2697.7522,1
1828.66357,2748.81738,1
1829.25,2360.85,1
1832.03491,2629.05127,1
1840.64954,2587.91357,1
1844.46228,2507.75684,1
1844.63049,2602.99634,1
1849.94617,2668.05981,1
1857.67175,2622.57739,1
1860.10718,2709.526,1
1867.67908,2708.19263,1
1867.7782,2627.80322,1
1868.57056,2686.08374,1
1869.15466,2595.45874,1
1869.99829,2677.27075,1
1873.77454,2723.27979,1
1876.13281,2900.59229,1
1882.301,2602.994,1
1894.75134,2523.76172,1
1900.224,2624.36621,1
1900.72729,2517.75464,1
1902.9762,2691.07666,1
1909.96582,2579.31665,1
1918.85681,3372.82715,1
1923.6571,3272.22339,1
1923.777,2618.07886,1
1927.75012,2628.132,1
1930.88232,2904.96826,1
1932.73743,2702.56128,1
1934.338,2961.06982,1
1935.79358,2715.94775,1
1941.41907,2569.7832,1
1956.27466,2762.424,1
1967.55029,2653.31372,1
1971.264,2861.326,1
1975.5199,2992.9873,1
1998.8938,2659.141,1
1999.076,2600.83984,1
2007.30444,2714.314,1
2015.42407,3588.72974,1
2027.23657,2849.21143,1
2030.45972,2643.7207,1
2033.6748,2709.92773,1
2035.42493,2998.20654,1
2037.22681,2851.57764,1
2046.98914,2798.35449,1
2047.385,3277.63257,1
2053.10059,2812.143,1
2056.01758,2974.489,1
2058.559,2620.726,1
2063.043,2930.45386,1
2065.63428,2857.3335,1
2091.21851,3128.78052,1
2098.59961,2984.443,1
2101.74,3175.46973,1
2132.33228,2839.46387,1
2135.12524,2953.569,1
2138.16333,2970.34741,1
2138.56152,2935.6626,1
2140.81055,2905.373,1
2143.15747,3069.447,1
2144.62183,3181.32813,1
2147.4873,3250.66553,1
2149.11255,2673.367,1
2154.09448,3324.599,1
2160.72754,3290.1748,1
2167.01563,3168.65527,1
2168.54541,3065.25635,1
2173.75854,3062.712,1
2174.155,3021.73071,1
2175.858,3048.82813,1
2183.68335,3168.92578,1
2189.30225,2980.681,1
2190.14624,3441.09546,1
2194.42944,3261.878,1
2195.417,3012.408,1
2195.80566,2784.809,1
2199.73486,3217.32886,1
2200.893,3667.046,1
2202.433,2957.52661,1
2205.55957,2936.973,1
2205.71387,3046.65942,1
2207.11255,2920.78149,1
2208.936,3189.295,1
2210.152,3036.5625,1
2212.88867,2984.05713,1
2214.11255,3160.3186,1
2214.34717,3072.54541,1
2214.39819,3182.27148,1
2216.80054,2941.789,1
2216.84131,2910.65845,1
2217.0625,3297.17188,1
2217.21924,3063.10059,1
2219.37134,3240.65576,1
2221.68945,3036.15137,1
2221.70752,3371.55786,1
2222.24976,2995.39478,1
2223.19873,3268.629,1
2223.61914,3197.26465,1
2225.08032,3025.6123,1
2226.49951,3189.766,1
2226.89819,3008.232,1
2228.36377,3243.58423,1
2228.629,3736.28076,1
2228.71826,3029.12524,1
2229.699,3047.87671,1
2229.792,3377.51074,1
2230.505,3202.423,1
2231.91382,3002.56616,1
2232.10083,3051.30176,1
2238.26587,3160.32544,1
2239.988,3285.55225,1
2242.3335,3246.12524,1
2242.5708,3045.7876,1
2242.82275,3092.36572,1
2246.50952,3188.59253,1
2246.92017,3118.19116,1
2247.379,3269.46558,1
2247.92334,3326.59546,1
2248.71948,3157.43774,1
2250.08179,3166.54956,1
2251.287,3288.85352,1
2252.41748,3157.09985,1
2252.80054,3178.12817,1
2253.022,3225.11182,1
2253.82886,3318.158,1
2255.21216,2979.6958,1
2255.90332,3268.664,1
2256.595,3189.30469,1
2256.628,3192.10815,1
2256.82764,3278.356,1
2257.7915,3216.20361,1
2258.93726,3059.36865,1
2259.87524,3005.71045,1
2261.51465,3180.30713,1
2261.51855,3152.681,1
2262.7832,3252.76563,1
2263.66772,3108.62378,1
2266.196,3296.22949,1
2269.032,3656.196,1
2269.3894,3353.762,1
2270.40259,3031.693,1
2270.81982,3091.51025,1
2273.82153,3160.22754,1
2274.37622,3262.87476,1
2275.76563,3226.68115,1
2278.91333,3275.74414,1
2279.18335,3260.02881,1
2279.97925,3296.175,1
2280.79,3138.92676,1
2281.29736,3157.95459,1
2283.8833,3246.8313,1
2285.48047,3245.836,1
2285.9375,3166.81079,1
2286.52881,4022.26978,1
2290.259,3348.83765,1
2290.68433,2923.048,1
2291.08472,3069.02441,1
2291.642,3174.23877,1
2293.90869,3096.16113,1
2294.72729,2968.45923,1
2297.67676,3161.31787,1
2297.72241,3200.58545,1
2298.655,3038.648,1
2298.74463,3284.79077,1
2299.157,3359.353,1
2299.7605,3822.58325,1
2299.99658,3511.605,1
2303.14868,3604.24951,1
2303.65942,3423.44849,1
2304.792,3230.31348,1
2307.13184,3086.10962,1
2307.4043,3110.536,1
2308.00269,3266.31885,1
2308.1377,3219.99829,1
2311.41455,3157.41968,1
2311.61548,3278.42627,1
2311.88623,3599.298,1
2311.91284,3218.44019,1
2313.72949,3262.31348,1
2316.08765,3211.11816,1
2316.31641,3264.49951,1
2316.45874,3319.615,1
2316.8877,3304.95459,1
2319.10229,3081.884,1
2319.83862,3306.89429,1
2320.31055,3966.50977,1
2323.868,3438.19873,1
2325.23438,3225.034,1
2325.90039,3025.147,1
2328.23779,3969.993,1
2329.04468,3275.72461,1
2330.32837,3087.23315,1
2330.54321,3210.32764,1
2330.81274,3375.15161,1
2330.92822,3299.9375,1
2333.169,3162.90479,1
2334.26245,3270.82349,1
2335.83447,3240.94067,1
2336.02075,3179.00171,1
2336.72168,3452.57,1
2336.731,3131.59448,1
2337.48071,3102.62964,1
2337.83667,3350.829,1
2338.679,3168.521,1
2341.1543,3307.97119,1
2341.24146,3385.4917,1
2341.35864,3347.60522,1
2341.48438,3019.06714,1
2344.955,3152.89233,1
2345.39429,3338.29565,1
2345.76782,3334.19214,1
2346.19751,3028.59717,1
2346.948,3798.12524,1
2348.462,2972.221,1
2350.89771,3305.52075,1
2352.50415,3234.85156,1
2354.72656,3382.05469,1
2357.04517,3088.10571,1
2358.02075,3645.54321,1
2359.54541,3271.95044,1
2359.55,3874.58374,1
2360.39673,3494.439,1
2360.92285,3126.13,1
2362.45142,3218.593,1
2362.94165,3191.535,1
2363.52075,3265.19336,1
2364.31982,3271.34546,1
2364.87524,3287.67773,1
2364.88965,3220.7395,1
2365.09229,3098.715,1
2365.21,3341.113,1
2365.49268,3147.85815,1
2366.294,3311.77417,1
2366.83447,4279.46973,1
2367.0708,3348.66333,1
2367.4082,3225.60474,1
2368.24268,3270.636,1
2368.26172,4088.077,1
2368.424,3105.014,1
2369.14258,3136.60645,1
2369.91284,3168.04688,1
2371.34131,3125.987,1
2372.07056,3266.571,1
2372.99072,3344.46265,1
2375.20557,3315.65015,1
2375.37378,3305.836,1
2376.45776,3270.05444,1
2376.862,3208.34131,1
2377.34888,3315.04077,1
2378.76318,3314.37573,1
2381.29468,3226.35,1
2382.629,3291.521,1
2382.861,3339.64941,1
2382.88647,3801.4978,1
2383.03271,3403.80127,1
2383.34741,3099.487,1
2383.97241,3927.38843,1
2384.75513,2999.09644,1
2385.374,2928.26978,1
2385.3833,3266.911,1
2385.82422,3164.20874,1
2386.79419,3266.06641,1
2387.06519,3332.26831,1
2387.44751,3306.106,1
2387.826,3298.8374,1
2388.05347,3338.70825,1
2388.132,3215.99243,1
2388.62769,3305.582,1
2388.96362,3427.51782,1
2389.38232,3863.301,1
2390.406,3207.65015,1
2391.925,3188.46533,1
2392.285,3294.33276,1
2392.33716,3214.074,1
2392.57935,4123.16846,1
2392.70459,3224.225,1
2392.78345,3281.42261,1
2395.03687,3293.661,1
2397.32129,3368.96924,1
2397.51831,3286.12769,1
2397.731,4125.583,1
2397.76147,3173.20923,1
2398.16943,3459.071,1
2398.61353,3212.37817,1
2400.494,3299.42554,1
2400.78174,3437.54663,1
2402.08862,3204.77441,1
2402.97461,3389.79077,1
2403.4502,4063.00049,1
2403.857,3385.14087,1
2403.92236,3269.436,1
2405.74658,3257.83618,1
2406.79614,4167.382,1
2406.80273,3510.14429,1
2407.17285,3325.87231,1
2407.2168,3546.97729,1
2409.60181,3353.25269,1
2411.70532,3972.9187,1
2411.87744,3358.22266,1
2412.08057,3813.56445,1
2412.70068,3147.67627,1
2413.56616,3271.10132,1
2414.41235,3488.778,1
2416.09253,3304.558,1
2416.6438,3720.39746,1
2417.1355,3314.235,1
2417.17139,3213.63647,1
2417.28833,3354.3064,1
2417.32056,4036.12769,1
2417.92188,3260.18213,1
2418.141,3339.809,1
2418.21924,3448.90869,1
2419.64551,3354.30835,1
2420.288,3309.21436,1
2421.437,3462.33618,1
2421.83057,3112.6394,1
2423.013,3582.85059,1
2424.57666,3517.243,1
2424.57715,3428.11133,1
2425.12061,3361.96045,1
2425.28027,3230.94946,1
2426.27979,4141.61133,1
2426.55542,3341.73535,1
2427.81738,4218.66455,1
2427.87476,3447.61328,1
2428.93359,3359.696,1
2432.006,3416.864,1
2432.181,3154.612,1
2432.91968,4268.674,1
2433.14844,3251.30151,1
2433.43628,3428.51782,1
2434.291,3304.74927,1
2434.63843,4073.5813,1
2434.80127,3234.46851,1
2434.99243,3297.72583,1
2435.064,3496.841,1
2435.612,3191.7356,1
2437.13159,3438.12769,1
2438.43042,3357.21265,1
2439.563,3485.96924,1
2439.81128,3385.99268,1
2440.10571,3690.089,1
2440.3645,3247.4585,1
2442.535,3125.20581,1
2443.99756,3328.95166,1
2444.111,3413.16626,1
2444.7168,3434.313,1
2446.35327,3428.14966,1
2446.893,3442.12354,1
2447.25024,3426.822,1
2449.88647,3177.85,1
2450.32544,3485.85474,1
2452.55054,3295.35352,1
2454.183,3627.02979,1
2454.862,3462.83447,1
2455.49463,3556.64673,1
2455.6084,3526.6582,1
2456.33228,3290.37354,1
2458.118,3311.01587,1
2458.23535,3173.82031,1
2458.49219,3564.06079,1
2458.83081,3447.30786,1
2459.43774,3093.3833,1
2460.056,3402.14478,1
2460.47021,3092.022,1
2461.41626,3383.59985,1
2462.38843,3684.362,1
2462.98877,3958.72852,1
2463.3938,3355.56616,1
2464.20923,3310.75659,1
2464.22583,3313.22168,1
2465.48633,3449.398,1
2466.21484,3299.4458,1
2467.45313,3406.26074,1
2467.558,3303.86816,1
2469.04517,3321.33984,1
2469.06836,3451.27222,1
2469.47168,3942.879,1
2470.04614,3306.06763,1
2470.13525,3467.1416,1
2470.15576,3286.05835,1
2470.65479,3499.68359,1
2470.739,3491.926,1
2472.93579,3971.14258,1
2473.165,4385.858,1
2473.90625,3322.78125,1
2474.3877,3215.73682,1
2475.89673,3560.96875,1
2476.13232,3348.18652,1
2476.139,3542.866,1
2476.58521,3848.34814,1
2476.649,3422.62622,1
2477.86621,3520.24023,1
2478.08618,3367.49316,1
2478.8772,3274.3916,1
2478.956,3364.90137,1
2479.67041,3166.27271,1
2479.72876,3437.05078,1
2479.91748,3499.471,1
2480.23755,3225.93286,1
2481.73413,3351.56958,1
2482.0647,3447.43628,1
2483.27783,3646.34888,1
2484.2207,3430.26514,1
2484.42651,3118.429,1
2488.22852,3481.67554,1
2488.49072,3477.10083,1
2488.52881,3384.64136,1
2489.54,3220.77026,1
2489.67627,3785.62915,1
2490.15942,3512.79614,1
2490.73535,3926.82739,1
2490.93677,3406.44873,1
2491.03638,3586.92261,1
2491.235,2839.01465,1
2492.92969,3207.98755,1
2493.17041,3385.93359,1
2493.21875,3225.21851,1
2493.31323,3325.03955,1
2493.62,3228.06665,1
2493.736,3433.69141,1
2495.751,3551.629,1
2495.84131,3500.208,1
2496.16064,3568.271,1
2496.66382,3473.01465,1
2497.3252,3528.82422,1
2498.05469,3592.82886,1
2499.09644,3318.648,1
2499.14551,3277.921,1
2499.40552,3636.12061,1
2499.45947,3440.97974,1
2499.7605,3247.797,1
2501.15869,3585.65674,1
2501.61255,3674.7793,1
2502.491,3444.731,1
2502.88672,4217.56,1
2503.21362,3884.09985,1
2504.359,3728.011,1
2504.9856,3463.905,1
2506.795,3869.304,1
2507.73364,3211.89233,1
2508.96924,3827.84644,1
2509.329,3310.70947,1
2509.66577,4067.406,1
2509.72485,3099.54614,1
2509.9502,3436.44946,1
2510.41626,3558.20654,1
2510.54932,3613.64941,1
2511.55957,3490.776,1
2512.00049,3793.45142,1
2512.559,4438.37744,1
2512.77515,3397.54663,1
2512.87769,3317.0293,1
2514.41138,3290.68848,1
2514.415,3584.09668,1
2514.859,3281.227,1
2518.74854,3368.41333,1
2518.95947,3716.549,1
2519.57275,4138.966,1
2519.78638,3646.17944,1
2519.97754,3093.29126,1
2519.9978,3560.81519,1
2520.56,3339.88013,1
2521.07666,3618.24146,1
2521.58887,3282.26929,1
2521.65356,3444.80518,1
2522.69458,3504.75781,1
2523.74414,3479.31128,1
2524.49438,3408.1377,1
2526.409,4225.82031,1
2526.8916,3646.1626,1
2527.41357,3430.49683,1
2528.09424,3453.83032,1
2528.30884,3304.896,1
2528.73,3400.20264,1
2528.755,3468.67847,1
2529.74634,3920.4834,1
2530.2312,3521.2395,1
2531.59131,3445.90283,1
2532.07715,3430.96875,1
2533.29077,3656.6145,1
2533.50439,3441.8606,1
2533.59351,3246.1687,1
2533.66528,3596.13135,1
2533.89771,3477.31641,1
2534.51465,3611.26245,1
2534.66943,3748.30176,1
2534.69067,3456.66187,1
2535.48535,3330.1875,1
2536.06543,3506.14575,1
2536.33838,3621.39,1
2537.61938,3537.203,1
2538.30615,3664.72925,1
2539.36719,3256.24243,1
2539.677,3476.105,1
2541.10547,4294.855,1
2542.91919,3685.85278,1
2543.229,3531.113,1
2543.419,3327.77124,1
2543.55469,4281.65967,1
2543.733,3449.987,1
2543.77759,3489.903,1
2543.972,3477.739,1
2544.29126,3585.588,1
2544.30029,4219.04248,1
2544.31885,3768.33154,1
2544.827,3617.66724,1
2545.39722,3629.94214,1
2545.45752,3618.1062,1
2545.87085,3245.56738,1
2546.45947,3648.49,1
2546.50342,3509.012,1
2546.77734,4308.005,1
2548.111,4117.15625,1
2549.78955,3432.66064,1
2551.8562,3746.90576,1
2552.48584,3556.71826,1
2552.733,3587.64966,1
2552.7666,3338.2627,1
2555.05713,3452.17749,1
2555.486,4308.41357,1
2556.10132,3393.418,1
2556.598,3722.582,1
2557.24121,3825.991,1
2558.04248,3373.203,1
2558.215,3325.5188,1
2558.34,3374.26563,1
2558.975,4026.52637,1
2558.98779,3353.50269,1
2559.07129,3499.54321,1
2559.55469,3391.20215,1
2559.83325,3666.19849,1
2559.86719,3583.0498,1
2560.169,3659.86475,1
2561.345,3571.29785,1
2562.42432,3440.923,1
2562.76636,3483.12061,1
2563.78662,3434.442,1
2563.85742,3605.39331,1
2564.15845,3563.03271,1
2564.35229,3872.2,1
2565.297,3611.47925,1
2565.741,3609.16919,1
2568.04346,3609.62256,1
2569.49854,3381.088,1
2569.53979,3539.44727,1
2569.79,3402.736,1
2570.52881,3626.53,1
2570.79468,3528.52173,1
2571.98145,3594.9856,1
2572.0293,3624.35034,1
2572.87939,3428.10132,1
2573.0415,3959.01733,1
2573.29565,3665.80566,1
2573.45972,4096.052,1
2573.611,3631.28345,1
2573.87671,3575.82422,1
2576.28979,3831.12549,1
2576.81885,3456.69849,1
2578.36133,3484.04565,1
2578.41528,3530.01416,1
2578.758,3393.23486,1
2580.07959,3414.058,1
2580.278,4075.0874,1
2581.385,3615.71924,1
2582.29,3283.32153,1
2582.93433,3701.452,1
2583.807,3697.8147,1
2583.84985,3457.20337,1
2584.47388,3338.40161,1
2584.69434,3601.062,1
2585.82153,4148.62256,1
2586.97778,3747.27979,1
2587.35547,3531.80469,1
2587.3728,3348.77856,1
2587.446,3478.877,1
2587.93262,3851.95,1
2590.29321,3430.40845,1
2591.52417,3443.659,1
2591.7417,3626.73633,1
2592.211,3415.81567,1
2592.60449,3494.34131,1
2593.09644,3672.74268,1
2593.51465,3552.63184,1
2593.72119,3522.61,1
2593.86816,3816.292,1
2594.13721,3181.17432,1
2594.30859,3444.56152,1
2595.645,3600.563,1
2596.023,3511.82422,1
2596.55176,3838.49365,1
2597.04614,3560.63354,1
2597.97119,3455.64087,1
2599.66016,3625.731,1
2600.82935,3694.03662,1
2601.00659,3300.49756,1
2601.15454,3403.683,1
2601.894,3634.149,1
2602.816,4274.446,1
2603.1167,3486.0437,1
2603.43042,3465.7207,1
2603.61938,3586.36938,1
2604.19678,3739.597,1
2604.28564,4371.71826,1
2610.44,3501.44971,1
2611.10645,3763.93213,1
2611.99854,3384.70117,1
2612.061,3536.3335,1
2612.2605,3247.87769,1
2612.55713,3648.211,1
2613.80664,3583.57544,1
2614.128,3609.5603,1
2616.302,3540.892,1
2616.707,3593.87085,1
2616.76929,3441.72876,1
2617.458,3535.2334,1
2617.741,3513.80762,1
2618.757,3563.88257,1
2619.20068,3297.689,1
2619.41846,3505.998,1
2620.74731,3562.96313,1
2624.52417,3495.26025,1
2624.758,3637.978,1
2625.13086,4315.556,1
2627.07031,3700.273,1
2627.40576,3578.11035,1
2627.81055,4547.24561,1
2628.03516,3342.50952,1
2628.99023,3762.67773,1
2630.10522,3769.3313,1
2631.17,3422.195,1
2631.84033,3369.04224,1
2634.07178,3398.65063,1
2634.15356,4416.568,1
2635.944,3759.915,1
2637.32031,4168.807,1
2638.0105,3487.70581,1
2639.13721,3653.177,1
2642.63184,3581.37769,1
2642.96,3719.35571,1
2642.99756,3798.68921,1
2644.91,3636.427,1
2645.22119,3646.37451,1
2647.15259,4051.17871,1
2647.45557,3395.90283,1
2648.29,4445.263,1
2648.2998,3669.98657,1
2648.51831,3294.47534,1
2648.757,3678.916,1
2648.8623,3472.55273,1
2649.2688,3653.03882,1
2649.83447,3778.64624,1
2650.05273,3590.404,1
2650.44678,4200.2915,1
2653.314,3671.15454,1
2653.71313,4243.4375,1
2654.345,4062.73047,1
2654.65747,3643.76465,1
2654.946,3358.869,1
2656.48535,4502.47656,1
2656.92822,3787.635,1
2656.97925,3491.19043,1
2657.50171,3812.66431,1
2659.60376,4378.708,1
2659.76172,3901.514,1
2661.90039,3442.739,1
2662.0957,3486.576,1
2663.24976,3453.68359,1
2663.812,3422.44653,1
2664.20239,3490.2063,1
2664.25146,3668.27222,1
2665.09424,3978.049,1
2665.51,3536.18579,1
2665.99,3252.21045,1
2667.91675,3585.41333,1
2667.935,3502.34351,1
2669.42969,3315.964,1
2669.5293,3557.08447,1
2671.352,3405.92749,1
2671.45947,3626.848,1
2672.75586,3569.16357,1
2672.76685,4487.301,1
2673.342,3565.381,1
2673.46167,4046.48364,1
2673.6355,3540.28247,1
2673.664,4338.65674,1
2674.00586,3680.56714,1
2674.35229,3540.98535,1
2675.26245,3746.33154,1
2676.24951,3535.37964,1
2677.09546,3529.812,1
2677.44873,3612.76245,1
2677.82666,3670.73364,1
2678.99683,4121.07764,1
2679.22241,3621.75879,1
2679.49243,3516.77832,1
2679.671,3514.89038,1
2679.995,4256.79639,1
2681.05176,3630.1123,1
2681.40747,3507.27075,1
2682.54321,3592.85229,1
2682.78564,3744.58374,1
2683.42676,3699.01074,1
2684.3,3738.9292,1
2685.6814,3865.02612,1
2685.96313,3587.61377,1
2686.63159,3815.74951,1
2686.635,3751.962,1
2687.08154,3801.26123,1
2687.29614,3644.441,1
2687.46533,3724.25,1
2687.50732,3574.44922,1
2687.76172,3572.04321,1
2689.07983,4496.77441,1
2690.488,3905.40527,1
2692.24023,3634.7644,1
2692.57153,3726.68945,1
2693.10181,3579.49854,1
2693.84253,3756.099,1
2694.04883,3868.8728,1
2695.597,3513.67017,1
2696.64917,3850.741,1
2696.948,4432.07,1
2697.96777,4192.75146,1
2698.01245,3572.984,1
2698.352,3816.0603,1
2698.77173,4351.06738,1
2698.82,3794.47583,1
2699.19214,3424.145,1
2699.70166,3564.942,1
2700.826,3515.516,1
2702.16333,3568.04834,1
2702.51733,3651.71533,1
2703.87427,4240.488,1
2704.27612,4010.69629,1
2706.15356,4326.88672,1
2706.15845,3644.18262,1
2707.16821,3734.774,1
2707.27783,3704.69849,1
2707.64941,3467.39673,1
2708.64746,3491.217,1
2709.40527,3586.81763,1
2709.68945,3734.26929,1
2709.785,4182.132,1
2711.908,4667.92139,1
2713.434,3713.79224,1
2713.68823,3751.78442,1
2714.68286,3534.7356,1
2715.00562,3687.43555,1
2715.82837,3669.07764,1
2716.009,3690.83032,1
2717.85083,3842.56543,1
2719.40356,3615.554,1
2719.923,3746.70874,1
2720.10645,4280.604,1
2723.818,3886.17578,1
2725.12134,3777.71582,1
2725.14258,4455.68652,1
2725.40649,3907.04688,1
2727.60767,3778.36523,1
2727.88354,3691.854,1
2729.22241,4012.51367,1
2731.236,4666.67334,1
2732.48022,3811.15649,1
2732.95,3584.87671,1
2735.98633,3655.40015,1
2736.60938,4509.64453,1
2737.41382,4506.133,1
2738.3894,3473.618,1
2739.44946,4404.301,1
2740.13159,3517.60425,1
2740.272,4046.387,1
2740.42578,3705.79858,1
2742.65332,3585.351,1
2742.79883,3601.98022,1
2743.85156,3492.986,1
2744.47144,3787.03442,1
2744.93359,3639.294,1
2745.08765,3680.55127,1
2748.30176,4527.165,1
2751.37329,3205.90039,1
2752.849,4299.82666,1
2755.569,3679.39722,1
2757.23315,3822.027,1
2757.496,3956.18237,1
2757.68579,3593.44,1
2759.67578,4347.78174,1
2760.84131,3826.93677,1
2761.16577,3846.706,1
2761.48218,3777.54541,1
2761.72632,3780.2124,1
2761.8064,3838.556,1
2763.37573,4158.56445,1
2766.008,3371.87524,1
2766.15845,4480.83447,1
2767.146,3969.779,1
2767.645,4220.14746,1
2767.85254,3544.996,1
2768.531,4477.27344,1
2769.46582,3839.033,1
2769.98438,3810.57983,1
2772.54346,3538.64331,1
2773.27637,3566.73486,1
2776.58569,3842.99243,1
2777.19043,3762.06982,1
2778.34,3709.189,1
2778.42969,4467.39355,1
2782.09717,4320.804,1
2782.68677,3766.8252,1
2783.349,3971.61377,1
2783.67627,4485.91,1
2784.69678,3851.40283,1
2785.24365,3676.63574,1
2786.121,3899.46558,1
2789.453,3459.18042,1
2790.49561,3729.6958,1
2793.814,3744.11743,1
2794.057,3922.27881,1
2794.7207,3822.2832,1
2795.27783,4407.03125,1
2795.66,4456.24561,1
2798.97778,3820.12549,1
2799.92285,3775.31079,1
2801.538,3491.5647,1
2803.198,3894.317,1
2803.20313,4601.4043,1
2804.1792,3776.807,1
2804.467,3645.67163,1
2804.47754,3362.61987,1
2804.481,3562.06421,1
2804.82764,3964.78979,1
2805.01147,3605.71045,1
2806.94336,3820.46484,1
2807.465,4495.03,1
2808.26343,4417.292,1
2808.80933,3874.42358,1
2809.29248,3862.714,1
2810.4082,3699.26172,1
2813.50977,3774.60962,1
2815.39941,4116.514,1
2817.7373,4578.84668,1
2818.485,4613.5625,1
2818.59424,3897.77222,1
2818.59668,3989.58618,1
2818.8457,4072.809,1
2820.3562,3847.67334,1
2821.72314,3840.56982,1
2822.16724,3901.01563,1
2822.96826,4521.022,1
2822.97119,3853.5188,1
2823.3103,3732.35376,1
2824.4082,3729.95337,1
2826.505,3775.29175,1
2828.02271,3851.668,1
2828.03467,3686.97437,1
2828.38159,4469.339,1
2830.39551,3960.901,1
2831.87939,3739.58447,1
2832.03345,3393.24048,1
2832.84326,3717.62378,1
2833.78076,3849.66064,1
2834.64844,3759.49121,1
2836.65454,3905.53662,1
2837.68921,3850.853,1
2837.87061,3732.71558,1
2840.24585,3606.26831,1
2840.78735,3974.70264,1
2841.20654,3437.20874,1
2841.34888,3814.24048,1
2842.76758,4358.422,1
2843.56738,3789.81,1
2844.26,4073.77612,1
2845.645,3911.99829,1
2846.04761,3619.03467,1
2846.25439,3911.9126,1
2846.573,3968.49976,1
2849.278,3750.14575,1
2850.19263,3670.11646,1
2850.39526,3765.643,1
2851.56934,3688.733,1
2853.667,3493.37573,1
2856.4292,3766.22388,1
2857.04126,3950.729,1
2857.156,4119.30566,1
2859.02026,4858.883,1
2859.99121,3871.131,1
2863.66553,3777.12427,1
2864.376,4200.01855,1
2864.65625,3943.984,1
2866.43823,3786,1
2866.94922,4180.756,1
2867.233,3856.452,1
2867.24072,3857.466,1
2868.22632,3900.24,1
2868.83325,3747.108,1
2870.41113,4462.6333,1
2871.70215,3913.44385,1
2874.04541,4095.16577,1
2875.278,4130.251,1
2875.34448,4155.737,1
2876.702,3707.26563,1
2880.01147,4024.998,1
2880.18237,3908.04736,1
2880.29541,3910.56445,1
2880.506,3852.24731,1
2880.62183,3759.58032,1
2880.675,3987.51538,1
2882.08032,3862.29883,1
2885.70264,4064.81152,1
2887.43262,3718.69458,1
2887.894,3912.004,1
2889.80957,3720.94971,1
2890.28369,3859.22852,1
2893.268,3871.43774,1
2893.41846,3820.06079,1
2896.59424,4030.79126,1
2899.57446,3676.339,1
2899.63379,3937.38037,1
2900.602,3901.09839,1
2902.22,3674.253,1
2903.285,3741.884,1
2903.87427,3772.00562,1
2904.38818,3978.83276,1
2906.192,4699.19434,1
2906.31836,3889.724,1
2906.4436,3966.218,1
2908.87939,3937.45947,1
2910.74561,3910.91064,1
2911.31543,3978.7854,1
2912.73828,4112.52051,1
2913.047,3923.74561,1
2915.99146,4069.53271,1
2915.9917,4575.849,1
2916.15039,3787.883,1
2916.993,4029.9353,1
2917.255,4377.13525,1
2918.52856,4006.319,1
2919.63574,3658.94043,1
2920.06226,3785.55273,1
2920.52,4090.76953,1
2920.54028,3964.39648,1
2920.79126,3880.85,1
2920.91772,3791.79248,1
2922.04736,3647.63672,1
2923.61743,4049.29688,1
2923.6333,4001.80713,1
2924.21265,3940.17627,1
2925.98071,4169.818,1
2928.095,4248.694,1
2928.35083,3889.21387,1
2929.643,3927.10522,1
2930.21,3845.23218,1
2930.44922,3787.95776,1
2931.67944,4064.97388,1
2932.93066,4025.26343,1
2933.17139,3842.9856,1
2935.71582,3742.15186,1
2935.87939,3842.48145,1
2936.28638,4013.23364,1
2936.41553,3738.05713,1
2936.439,3852.743,1
2936.87646,3747.407,1
2937.743,4020.83667,1
2940.06177,3662.53027,1
2941.05957,5004.90332,1
2942.70435,4097.966,1
2943.033,3992.45972,1
2943.355,4109.21973,1
2943.44287,4444.81348,1
2945.49487,4028.853,1
2948.258,4117.45264,1
2949.25366,4007.91455,1
2949.288,3940.44385,1
2950.376,4479.18359,1
2950.92,4155.648,1
2953.27148,3961.43921,1
2953.59766,3875.229,1
2953.684,3800.20068,1
2954.05981,3844.49023,1
2954.20825,4014.05542,1
2955.434,3912.26465,1
2955.64844,3374.513,1
2955.971,3961.15625,1
2956.97119,4763.9375,1
2959.92432,4197.99365,1
2959.97266,4601.305,1
2960.165,3955.139,1
2960.76123,4163.438,1
2962.482,3955.34033,1
2962.90039,3982.97559,1
2963.91626,3254.64526,1
2963.94775,3773.15112,1
2964.204,4138.16455,1
2964.401,3891.94287,1
2964.90186,4629.44434,1
2966.35669,4699.45068,1
2968.05347,4134.45166,1
2968.07349,3760.66138,1
2968.10474,4165.103,1
2968.70313,4065.63379,1
2970.523,3816.07666,1
2970.846,3805.23364,1
2971.58423,4221.53369,1
2972.28442,4293.23926,1
2972.422,4057.17676,1
2973.122,4815.37549,1
2973.52124,3871.819,1
2979.40967,4679.98145,1
2980.08667,3697.69116,1
2980.53467,3699.42554,1
2983.91187,4148.55,1
2985.19116,4642.89258,1
2986.43945,4152.551,1
2988.304,3751.5376,1
2990.99219,4211.892,1
2991.825,4628.398,1
2992.25049,4401.178,1
2994.03223,4021.22,1
2995.4375,4156.318,1
2996.00537,4146.34766,1
2996.27954,3724.03857,1
2996.518,4841.8877,1
2996.54028,3967.27173,1
2997.88574,4449.27832,1
2998.70557,3828.01538,1
3001.68823,4009.84,1
3003.60767,4762.76074,1
3003.94019,3913.098,1
3006.62231,3982.276,1
3006.64966,3993.94971,1
3006.70947,4207.247,1
3007.82251,4114.21338,1
3009.86328,3787.47339,1
3010.23438,4031.65234,1
3010.464,4062.65479,1
3011.03125,3899.78784,1
3011.56128,3990.18262,1
3012.48535,4041.489,1
3012.683,5129.87939,1
3013.219,4098.62549,1
3013.548,4046.53931,1
3013.82666,4203.11,1
3013.99976,4310.39941,1
3015.05615,4079.375,1
3015.73877,4052.2063,1
3016.286,4116.8877,1
3018.489,4218.635,1
3019.444,4118.13525,1
3020.6062,4307.65869,1
3021.36084,4201.9873,1
3024.14746,4436.74658,1
3024.15845,4278.23438,1
3025.716,4802.92432,1
3026.97925,3812.186,1
3031.27222,4060.67285,1
3033.91455,4492.427,1
3034.07666,3826.397,1
3035.06152,4113.43359,1
3035.15454,4103.13574,1
3035.267,4358.42969,1
3035.39844,4057.75,1
3036.64941,3658.17847,1
3036.693,4032.55029,1
3038.71118,4039.47729,1
3040.67065,5077.607,1
3041.005,3960.534,1
3041.5896,4098.663,1
3041.939,4123.95361,1
3042.831,4141.618,1
3042.998,4117.11328,1
3043.242,4370.1665,1
3043.28662,4276.334,1
3043.78613,4125.83838,1
3044.82227,4893.055,1
3046.90381,4225.76465,1
3047.47461,4472.48926,1
3047.58032,4145.12256,1
3049.183,4002.74243,1
3049.78735,4822.173,1
3051.66846,4091.4082,1
3052.02246,4123.888,1
3052.468,4184.218,1
3053.173,4751.438,1
3054.682,4099.356,1
3055.87,4275.18457,1
3056.82813,4486.11,1
3058.44946,4117.23926,1
3058.97949,4094.52661,1
3059.39331,4180.144,1
3060.046,4338.127,1
3060.22,4314.87744,1
3063.14819,3987.492,1
3063.88477,4892.87939,1
3064.27612,4401.42969,1
3064.87134,4847.696,1
3066.41431,4336.538,1
3066.43457,4336.30225,1
3066.59058,3959.79541,1
3066.76978,3970.81445,1
3067.01123,3975.372,1
3067.765,4279.47168,1
3068.59717,4072.20874,1
3069.13232,4035.18018,1
3070.64746,4003.38672,1
3072.05054,4285.201,1
3072.18726,4228.16943,1
3072.21021,4417.75928,1
3072.73462,4916.19873,1
3074.30347,3808.01367,1
3074.835,4114.596,1
3074.93823,3963.313,1
3075.049,4113.11865,1
3077.0332,4531.691,1
3077.09033,4388.928,1
3077.38574,3862.71167,1
3077.47314,4179.42725,1
3077.68433,4402.332,1
3077.76343,4290.02539,1
3077.81665,4239.087,1
3078.448,4014.491,1
3079.083,3820.04028,1
3080.41431,4468.95947,1
3080.62866,4267.17725,1
3080.74268,4718.08838,1
3081.56836,4136.833,1
3081.60352,5096.5835,1
3082.591,4208.89844,1
3082.94849,3842.98071,1
3085.3894,4032.08374,1
3085.91479,4786.259,1
3086.513,4181.911,1
3086.92065,4415.95947,1
3087.195,4337.5415,1
3088.4165,4269.827,1
3088.933,5282.81348,1
3089.50049,4247.97559,1
3089.72852,4097.285,1
3090.898,4246.05957,1
3091.04,4169.08838,1
3093.58032,4269.12158,1
3094.20313,4505.135,1
3095.65137,4830.16846,1
3097.53052,4222.183,1
3098.42188,4294.48047,1
3100.03564,4360.44434,1
3101.37158,4366.834,1
3102.74927,4064.85864,1
3103.09229,4445.52637,1
3103.33154,4217.508,1
3103.42578,4399.07568,1
3103.43213,4092.22949,1
3103.69751,4307.574,1
3103.936,3832.80176,1
3105.5127,4330.26025,1
3105.64966,4365.681,1
3106.68335,5090.788,1
3107.69751,4303.45459,1
3108.48877,4150.736,1
3109.37256,3610.199,1
3113.34961,4190.075,1
3113.733,4175.70264,1
3114.33716,4143.28027,1
3114.76636,4260.98438,1
3115.92236,4194.198,1
3116.65015,4127.26172,1
3117.67969,4271.44873,1
3118.226,5191.823,1
3119.27686,4085.976,1
3119.98145,4216.63965,1
3120.21338,4305.896,1
3120.43286,5048.96631,1
3121.42969,4361.32227,1
3122.03247,4200.04541,1
3122.145,4178.77246,1
3122.53564,4264.333,1
3122.73633,4171.92041,1
3123.06323,4350.401,1
3123.83472,4197.681,1
3124.30249,4010.74463,1
3124.96631,3916.227,1
3125.97266,3864.223,1
3126.46558,4191.351,1
3127.94238,4223.33057,1
3128.735,4079.10181,1
3129.16162,4169.11572,1
3129.71948,4457.78,1
3130.36621,4328.5,1
3130.69922,4205.11035,1
3131.211,4354.11768,1
3131.37378,4235.355,1
3133.304,4797.31445,1
3134.5542,4226.655,1
3135.089,5275.30127,1
3135.12231,4304.5166,1
3135.22534,4020.73169,1
3135.53,4313.7627,1
3135.90771,4136.019,1
3136.27832,4460.491,1
3136.29956,4323.88574,1
3137.17529,4372.67334,1
3138.31274,4149.064,1
3138.368,3755.52441,1
3139.5918,4180.891,1
3139.623,5197.07275,1
3140.19946,4260.634,1
3142.77515,4450.44727,1
3143.53735,4184.928,1
3143.55078,4350.15674,1
3143.81055,4196.68555,1
3143.88916,4317.228,1
3144.769,4220.71143,1
3145.54834,4432.005,1
3145.89429,4301.62451,1
3147.70337,4414.446,1
3147.825,4056.21655,1
3148.15869,4323.52832,1
3148.92114,4406.11768,1
3149.08252,4490.387,1
3149.75586,4235.835,1
3150.83984,4291.578,1
3151.67944,4162.785,1
3151.7688,4861.528,1
3151.916,4351.377,1
3152.53223,4361.522,1
3152.92651,4600.16748,1
3152.981,4906.39941,1
3152.98584,4289.67236,1
3153.697,4295.34961,1
3155.86865,4375.08057,1
3156.04541,4285.79736,1
3156.29272,4396.31836,1
3156.92749,4279.31641,1
3158.13379,4290.009,1
3159.1272,4207.352,1
3160.03247,4183.879,1
3160.519,4347.49951,1
3162.921,4291.39844,1
3162.93384,4259.78271,1
3163.268,4385.22754,1
3163.95337,4130.87842,1
3164.67139,4283.582,1
3164.806,4176.764,1
3164.98145,4013.99634,1
3166.03174,4926.13428,1
3166.08081,4200.438,1
3166.48535,4212.407,1
3167.046,4517.88672,1
3167.136,5108.28564,1
3169.638,4665.817,1
3170.05322,5040.17236,1
3171.42041,4434.879,1
3172.24438,4240.64941,1
3173.75,5223.40674,1
3174.45557,5002.36133,1
3175.00439,4421.964,1
3175.95337,4071.212,1
3176.32,4285.07,1
3177.63843,4246.06348,1
3178.04028,4563.43848,1
3178.12866,4343.709,1
3178.618,4508.086,1
3179.286,4137.532,1
3180.64087,3952.95557,1
3182.94751,4247.895,1
3183.91724,4109.11328,1
3185.12036,4113.30566,1
3185.63672,4301.061,1
3186.769,4163.63135,1
3187.052,4310.8374,1
3187.323,4185.641,1
3187.53564,4091.18823,1
3188.13086,4129.769,1
3188.74268,4243.04443,1
3189.213,5436.84961,1
3190.45239,4193.239,1
3190.79028,4973.869,1
3191.631,4312.465,1
3192.472,5168.713,1
3192.595,4153.35352,1
3194.07153,4115.18945,1
3195.33228,4454.598,1
3195.394,4229.212,1
3195.597,4384.631,1
3196.28345,4121.801,1
3196.89771,4119.74756,1
3197.89966,4629.69,1
3198.12671,4538.669,1
3198.40332,4222.08252,1
3199.20947,4280.40039,1
3200.19458,4410.69043,1
3200.32715,4885.305,1
3201.17456,4436.75049,1
3201.44629,4321.6416,1
3202.13232,4341.45,1
3202.59424,4201.35254,1
3202.961,4365.06348,1
3203.40454,4304.7915,1
3204.2417,4328.948,1
3205.21338,4173.481,1
3205.46582,4355.78662,1
3206.82739,5139.66553,1
3206.8374,4246.095,1
3207.57324,4409.12549,1
3211.531,5287.338,1
3211.93921,4440.451,1
3213.819,4207.159,1
3214.01147,4176.70264,1
3214.159,4295.015,1
3214.19751,5470.67773,1
3215.534,4045.08984,1
3215.89526,5337.97363,1
3216.81372,4380.672,1
3218.30078,5083.491,1
3219.477,4297.014,1
3219.92773,4391.764,1
3220.20361,4203.828,1
3220.6626,4281.307,1
3221.31421,3773.503,1
3221.32544,4484.468,1
3223.04,4429.317,1
3223.3606,4483.65674,1
3224.38159,5515.85645,1
3224.5293,4142.792,1
3224.55542,4301.60938,1
3224.685,4547.80469,1
3224.69263,4129.077,1
3225.77368,4399.704,1
3226.47046,4112.708,1
3226.49438,4450.223,1
3226.62744,4383.575,1
3227.306,4338.09375,1
3227.46069,4462.73828,1
3228.28,4494.87256,1
3228.41748,4225.042,1
3228.85156,4545.317,1
3229.31348,5055.84668,1
3230.53271,4174.10352,1
3230.90771,4332.974,1
3232.24048,4504.12158,1
3232.875,4380.236,1
3233.064,4402.853,1
3233.61841,4282.041,1
3234.771,4273.69531,1
3235.187,4207.214,1
3235.91626,4645.19971,1
3235.99316,4387.503,1
3236.14258,4289.14,1
3238.031,4416.17529,1
3239.80981,4375.55225,1
3239.86279,4554.05371,1
3240.00977,4414.764,1
3243.688,4104.46729,1
3244.19629,4369.417,1
3244.23267,4161.846,1
3244.42017,4874.22,1
3244.42261,4389.522,1
3244.59253,4237.888,1
3244.67261,4484.19727,1
3244.67651,5257.01074,1
3244.76416,5370.226,1
3245.97168,4171.89063,1
3246.746,4387.39258,1
3246.75122,4254.94,1
3246.88428,4265.021,1
3248.051,4233.779,1
3248.35327,4159.47266,1
3248.4978,4298.555,1
3248.56421,4374.835,1
3249.2915,4214.783,1
3249.785,4236.894,1
3250.35327,5252.849,1
3250.8103,4549.139,1
3251.08179,4335.279,1
3251.788,4880.1543,1
3252.05762,4327.34375,1
3252.80835,3874.25,1
3253.18872,4244.936,1
3253.22827,4222.86328,1
3256.137,4247.525,1
3256.64038,4319.064,1
3257.5,4418.549,1
3257.60547,4218.883,1
3258.05,4496.624,1
3258.21069,4479.55029,1
3258.52466,4536.791,1
3258.577,4096.208,1
3260.20361,4507.23828,1
3260.327,4392.056,1
3260.778,4489.706,1
3260.94116,3905.57764,1
3261.87866,4463.41943,1
3262.03735,4731.909,1
3263.22534,4653.744,1
3263.31567,4312.514,1
3264.16431,4340.98242,1
3264.29346,4630.529,1
3264.694,5609.83154,1
3265.066,5429.53369,1
3265.10938,5547.005,1
3265.33325,4082.89844,1
3266.2605,4725.041,1
3266.4834,4458.244,1
3266.86523,4484.44434,1
3267.23584,5253.449,1
3268.13452,4099.51758,1
3268.17065,4411.2627,1
3268.47339,4356.96973,1
3269.1604,4797.02246,1
3270.84521,4340.52051,1
3270.854,5450.8833,1
3273.09888,4399.333,1
3274.428,4084.797,1
3275.16821,4464.09473,1
3275.19751,4575.472,1
3275.57813,4760.20654,1
3276.38574,4250.75049,1
3277.49731,4620.986,1
3277.78271,4185.795,1
3277.90112,4368.1875,1
3278.02539,4251.98242,1
3278.31323,4375.19238,1
3279.89185,5305.08838,1
3279.97388,4041.05,1
3281.92041,4975.326,1
3283.57373,3477.236,1
3283.63232,4540.74,1
3283.78027,5295.001,1
3284.02466,4895.90332,1
3284.67554,5419.82373,1
3285.34814,4677.4707,1
3286.172,5286.626,1
3286.194,4577.50537,1
3287.52026,4400.92432,1
3288.88477,4400.26563,1
3288.88574,4621.88428,1
3289.59937,4418.10547,1
3289.684,4275.8335,1
3292.17651,4281.08838,1
3292.35571,4183.603,1
3292.95313,5008.09,1
3293.168,4372.77637,1
3293.623,4300.97461,1
3293.94458,4338.09863,1
3293.953,4425.49365,1
3295.8894,4283.768,1
3296.01416,4830.2334,1
3297.36865,4602.28271,1
3297.84937,4611.046,1
3297.91455,4429.016,1
3297.94434,4176.249,1
3300.69751,5166.399,1
3301.10425,4563.721,1
3301.33325,5045.791,1
3302.05273,4628.734,1
3304.23584,3675.031,1
3304.37939,4583.85254,1
3305.96753,5356.16846,1
3305.9707,4202.17236,1
3306.86328,5359.44434,1
3307.17749,5267.784,1
3307.25366,4608.5415,1
3307.301,4484.845,1
3308.469,4456.82129,1
3309.14844,4656.182,1
3309.897,5245.76172,1
3310.091,5159.281,1
3310.93457,4749.969,1
3311.24731,5251.3877,1
3311.6582,5098.657,1
3311.836,4337.339,1
3312.36938,5273.48633,1
3312.9856,4679.923,1
3313.35181,4290.50342,1
3313.69678,4758.624,1
3314.07178,4076.65942,1
3314.27441,4014.08325,1
3314.604,4520.514,1
3314.66772,4400.512,1
3315.181,4279.6416,1
3315.77954,4440.998,1
3315.81665,3755.87158,1
3316.236,4042.44165,1
3316.46655,4477.919,1
3316.93677,4360.75928,1
3317.33472,4547.788,1
3322.3667,4576.78467,1
3322.639,4509.485,1
3323.03076,4244.844,1
3323.13062,4470.493,1
3323.15649,5119.358,1
3323.53931,4517.62061,1
3324.44556,5235.039,1
3324.67554,5100.081,1
3325.53687,4758.93555,1
3326.506,4566.69,1
3327.88062,4560.52539,1
3328.17236,5118.076,1
3329.28271,4836.32861,1
3329.30273,4588.258,1
3330.437,4435.447,1
3331.15625,4612.158,1
3333.32617,5322.521,1
3335.31714,4732.36475,1
3336.07129,4464.016,1
3336.613,4575.22656,1
3338.048,5462.415,1
3339.28149,4568.30469,1
3339.87158,5201.00049,1
3340.197,4233.489,1
3340.73,5305.43652,1
3341.952,4351.72,1
3341.97852,4386.3833,1
3343.09619,4411.866,1
3343.236,4280.734,1
3344.306,4210.74,1
3344.49634,4269.03369,1
3344.74072,4618.646,1
3346.7876,4277.052,1
3346.83325,4337.47461,1
3347.1665,4554.754,1
3347.629,4278.87744,1
3348.241,4846.44873,1
3349.23413,4402.874,1
3349.24976,5408.663,1
3350.19482,4638.05762,1
3350.47559,5053.503,1
3350.93945,4511.09375,1
3351.73584,4512.04,1
3352.10522,4606.54346,1
3352.279,4536.855,1
3353.20142,5151.066,1
3353.82886,4689.949,1
3354.56616,4210.19775,1
3354.80762,4728.55469,1
3355.21021,4338.076,1
3355.893,4483.121,1
3356.26221,4427.415,1
3356.42041,4466.623,1
3356.43945,4573.341,1
3356.63086,4640.6,1
3357.021,5433.287,1
3358.09888,5101.06641,1
3359.97876,4422.58838,1
3360.72314,4409.0293,1
3361.31567,4423.88232,1
3361.86377,4417.99951,1
3361.92065,5593.6084,1
3362.419,4492.38428,1
3363.371,4880.2207,1
3363.72583,4503.11133,1
3364.422,3913.69873,1
3365.4043,4608.49463,1
3366.57568,3777.966,1
3366.952,4668.15674,1
3368.258,4349.536,1
3368.35474,5406.45654,1
3371.03442,5155.851,1
3372.722,3939.37036,1
3372.97681,4306.73438,1
3373.25586,4386.06348,1
3373.35,4700.601,1
3374.98755,4489.22754,1
3375.78882,4438.10352,1
3377.53467,4674.95361,1
3378.7478,4145.60449,1
3378.95581,4814.106,1
3379.455,3996.28149,1
3379.702,4617.757,1
3382.213,4542.351,1
3383.2998,4971.458,1
3383.61646,4838.76367,1
3383.798,4784.23926,1
3386.14551,4466.356,1
3386.36621,4348.775,1
3386.46948,5136.387,1
3386.989,4986.611,1
3387.15479,4555.37158,1
3387.40015,3991.12622,1
3387.89526,4448.1875,1
3387.93042,5278.248,1
3388.61646,5146.13574,1
3388.79224,5321.88672,1
3388.80273,4834.521,1
3389.28931,5285.956,1
3389.31055,4627.98438,1
3390.113,4445.534,1
3390.30518,4084.855,1
3390.87646,5262.041,1
3390.99854,4437.92627,1
3391.13916,4324.242,1
3391.89941,4667.40234,1
3392.40039,4942.69727,1
3393.381,4604.854,1
3394.57666,5394.0083,1
3395.251,4419.97754,1
3396.6123,5003.08,1
3396.6228,4643.801,1
3397.34326,4176.225,1
3397.44238,4509.567,1
3398.34033,4435.378,1
3398.45557,4627.71875,1
3398.87842,4678.791,1
3398.958,4666.68359,1
3399.99731,4464.35254,1
3400.84546,4473.73145,1
3401.13647,4396.775,1
3402.682,4198.108,1
3404.143,4467.739,1
3405.10913,5664.861,1
3405.29468,4147.269,1
3405.72827,3918.45215,1
3406.02441,4576.00244,1
3407.9,4372.00635,1
3408.62231,4674.0874,1
3408.65259,5394.861,1
3409.553,4707.42627,1
3409.8457,5471.79834,1
3410.6062,4915.648,1
3411.008,4184.07,1
3411.51758,5226.56348,1
3412.58032,4515.33252,1
3413.261,4710.97363,1
3415.8396,4505.514,1
3416.20215,4564.926,1
3416.28418,4413.46045,1
3416.579,4462.989,1
3416.785,4338.85156,1
3417.30322,4446.14648,1
3417.52075,5363.08154,1
3417.66284,4804.96875,1
3418.26343,4118.61865,1
3418.66,5477.002,1
3418.75781,4666.22461,1
3418.762,4630.262,1
3418.928,5185.965,1
3420.743,4731.638,1
3420.8125,5555.086,1
3421.59058,4489.39941,1
3421.62964,4727.35938,1
3421.71265,5344.887,1
3421.718,5470.679,1
3421.86255,4262.978,1
3422.75781,4878.151,1
3422.93457,4761.942,1
3423.65234,4342.59375,1
3424.60059,4546.83154,1
3424.60913,4495.11328,1
3425.03174,5421.242,1
3425.69019,4554.721,1
3425.7334,4755.41064,1
3426.287,4449.82471,1
3426.914,5499.127,1
3427.77954,5310.71875,1
3428.92676,4840.956,1
3430.05,4758.14453,1
3430.64819,4681.02832,1
3430.74146,4603.691,1
3430.99341,4727.04541,1
3432.226,5688.89453,1
3432.30518,4644.04,1
3432.51953,4376.803,1
3434.30078,4632.698,1
3434.398,4625.67334,1
3434.549,4707.0835,1
3435.09326,4557.19727,1
3435.44971,5785.57764,1
3436.01685,5110.345,1
3436.68677,4675.52246,1
3436.73486,3956.81372,1
3436.79858,4581.15039,1
3436.83081,5005.124,1
3437.094,4539.33252,1
3438.97827,4396.49561,1
3440.22534,4702.018,1
3440.29883,4912.48242,1
3440.8457,4789.6416,1
3441.31519,4553.99268,1
3441.76318,5452.839,1
3441.93384,4513.439,1
3442.482,5741.994,1
3442.955,4300.585,1
3443.16626,4693.615,1
3443.326,5610.62549,1
3443.35083,4518.44775,1
3443.92676,4511.63867,1
3444.43164,4668.50049,1
3445.58765,4537.39258,1
3446.61182,5738.0625,1
3446.841,4300.47949,1
3447.11816,4654.59,1
3447.36816,4630.4,1
3447.77515,4693.74,1
3448.16479,4748.19531,1
3448.383,4929.31641,1
3448.56152,4406.015,1
3449.23145,4693.258,1
3449.627,4487.474,1
3449.98218,4241.26367,1
3450.099,4612.04541,1
3450.9187,4722.592,1
3451.39233,4550.97656,1
3451.5957,4820.40332,1
3452.77612,4431.702,1
3452.93726,4660.825,1
3453.3,4309.6123,1
3453.458,4896.68945,1
3453.70361,4782.25146,1
3454.013,4708.01563,1
3454.13135,4236.71045,1
3455.427,5195.64355,1
3455.54468,4292.32031,1
3455.94775,4741.27148,1
3456.65381,4785.22949,1
3456.81616,4836.78125,1
3458.25537,4767.43945,1
3459.54321,4454.485,1
3459.89917,4827.504,1
3459.92114,4535.90039,1
3460.621,4293.75635,1
3461.93823,5356.62158,1
3462.14575,4596.04736,1
3462.93921,4656.29541,1
3463.00732,4723.6626,1
3463.27515,4386.4043,1
3464.19165,4665.15869,1
3465.03223,4534.50049,1
3466.16479,4703.532,1
3466.60181,4649.741,1
3466.69922,5026.654,1
3466.79736,4734.722,1
3467.77734,4629.863,1
3467.818,4527.9834,1
3468.29346,4808.356,1
3468.53882,4689.261,1
3468.76831,4560.96045,1
3469.103,4453.225,1
3469.88354,4668.83545,1
3469.979,4405.59229,1
3470.10669,4603.729,1
3470.46729,3855.093,1
3470.6958,4354.122,1
3471.01587,4937.39453,1
3471.24976,4780.4624,1
3471.465,4508.712,1
3471.787,4757.82031,1
3472.029,4392.203,1
3473.17944,4493.989,1
3474.082,4798.74951,1
3476.674,4455.39258,1
3478,4682.008,1
3478.644,4754.1,1
3478.7,4702.75342,1
3478.70581,4714.28955,1
3478.84937,4223.64258,1
3480.12183,4902.50244,1
3480.196,4517.93652,1
3481.04248,4702.82666,1
3481.724,4103.97461,1
3481.77734,4679.19775,1
3482.106,4769.96631,1
3482.4248,4515.0835,1
3482.5,4687.688,1
3482.806,4786.908,1
3482.95068,4562.86133,1
3483.22339,4626.536,1
3484.16016,4729.447,1
3484.60474,4859.06934,1
3484.78223,4324.78,1
3485.138,5251.618,1
3486.422,4679.68,1
3487.24048,4859.32129,1
3487.867,4492.12,1
3487.91162,4623.04736,1
3489.11084,4820.188,1
3490.47119,4695.59863,1
3490.543,4160.555,1
3490.819,4707.846,1
3491.46558,4859.247,1
3491.64282,4466.049,1
3491.73145,4437.083,1
3492.00977,4656.97656,1
3492.44287,5490.25537,1
3492.77051,5124.71,1
3493.25513,5142.03662,1
3493.698,5842.71826,1
3494.14453,5985.156,4
3496.074,4462.49,1
3496.16138,4636.09766,1
3496.17334,4478.46,1
3498.47974,4641.83838,1
3498.7373,5377.187,1
3499.074,5076.46826,1
3499.63843,5299.817,1
3502.925,4685.37158,1
3504.79053,4519.59473,1
3504.928,4671.321,1
3505.56055,4322.626,1
3505.66162,4743.222,1
3506.058,3933.374,1
3507.2666,4278.90137,1
3507.66772,4397.936,1
3507.845,4604.564,1
3509.80933,4487.47754,1
3511.37,4807.83838,1
3512.28125,4679.312,1
3512.55566,4408.98828,1
3513.008,4882.494,1
3514.3877,4419.781,1
3515.75586,4582.601,1
3517.251,4671.57568,1
3517.34253,5328.997,1
3517.39844,4924.38232,1
3517.55737,4483.124,1
3517.95825,4872.75,1
3519.17944,4679.03564,1
3519.5708,4817.847,1
3519.73755,4935.38525,1
3520.822,4732.104,1
3520.82275,4261.80762,1
3522.57129,4806.6626,1
3522.87354,5091.079,1
3522.986,4873.539,1
3523.20483,4905.959,1
3523.853,5759.464,1
3524.30347,5769.544,1
3525.31958,4484.05225,1
3525.44556,4765.7373,1
3525.71,5563.333,1
3525.955,4663.04443,1
3526.485,4898.66064,1
3528.41382,4636.181,1
3528.50171,4029.8855,1
3528.87036,4151.271,1
3529.107,4617.543,1
3529.22827,4517.5415,1
3531.0647,4340.056,1
3531.28467,4575.64355,1
3531.43262,4768.4126,1
3532.3772,4847.273,1
3532.54614,5633.42139,1
3533.041,4774.68848,1
3533.19116,4780.691,1
3533.41455,4194.101,1
3534.56665,4864.139,1
3534.77051,4692.749,1
3535.56128,4547.4917,1
3536.18726,4935.453,1
3536.76538,5911.4834,1
3537.36743,4625.06738,1
3538.0332,4865.016,1
3540.96387,4759.453,1
3541.06226,4846.11035,1
3541.175,5663.208,1
3541.41431,5926.59863,4
3541.45117,4677.289,1
3541.90479,5534.63,1
3543.29614,4719.99072,1
3543.826,4842.78955,1
3544.14526,4586.42041,1
3544.65112,4398.2627,1
3545.51855,5941.073,4
3545.91455,5674.26074,1
3545.9436,5187.293,1
3546.295,4691.49854,1
3546.38281,4590.36,1
3546.91772,5065.689,1
3547.26587,4981.9585,1
3547.28027,4844.27637,1
3547.625,4704.67725,1
3547.92041,5794.77246,1
3548.216,5462.756,1
3548.28662,4778.46143,1
3548.73047,4692.127,1
3548.95117,5661.49951,1
3549.29614,4022.133,1
3550.11646,5578.208,1
3550.72241,4826.054,1
3551.21338,4679.82373,1
3551.25464,4759.95264,1
3553.09473,4142.15234,1
3553.18921,4713.6416,1
3553.392,4613.87061,1
3554.767,4874.133,1
3555.64746,4264.14941,1
3555.96875,4507.60254,1
3557.50562,5172.079,1
3557.595,5124.308,1
3557.96021,4977.32227,1
3558.13135,4627.32666,1
3558.1875,4072.40015,1
3558.37354,4647.20361,1
3559.461,4403.78,1
3559.88916,4834.168,1
3559.96729,5573.84473,1
3560.15674,4849.07031,1
3560.35156,4655.79834,1
3560.812,5791.88525,1
3560.92456,4798.768,1
3561.53247,4488.573,1
3562.67578,5696.879,1
3562.803,4930.64746,1
3562.93481,4506.531,1
3563.63232,4707.292,1
3563.93481,5042.486,1
3564.00586,5686.085,1
3564.53418,4645.935,1
3564.89233,4749.127,1
3565.069,4640.74756,1
3565.72144,4745.217,1
3566.21484,4723.781,1
3567.407,4632.41357,1
3567.51587,4631,1
3567.67065,4576.388,1
3570.42969,4479.854,1
3570.78027,4468.729,1
3571.09741,4713.342,1
3571.32178,4792.61768,1
3571.62842,5698.71533,1
3573.121,4652.933,1
3573.20557,5610.133,1
3573.22217,4511.64648,1
3573.49951,5759.62,1
3573.718,4931.86572,1
3574.12451,4706.52344,1
3574.13867,4880.192,1
3574.875,4877.284,1
3575.12231,4592.03271,1
3575.15942,4804.695,1
3576.3,5196.017,1
3577.371,4930.05,1
3577.87451,4589.516,1
3579.01855,4623.792,1
3579.30713,4877.175,1
3579.49438,5144.031,1
3579.56982,4811.836,1
3580.11719,4961.26025,1
3581.80347,4871.555,1
3582.36963,4502.95947,1
3582.724,4457.02441,1
3582.93213,4083.902,1
3583.0647,4693.73633,1
3583.212,4855.48,1
3583.29468,5678.281,1
3583.747,4901.473,1
3584.67847,4859.35449,1
3585.22559,4799.96338,1
3587.32324,5085.049,1
3587.4502,4747.55225,1
3587.98755,4855.18,1
3588.39746,4374.259,1
3588.58325,5854.18066,1
3588.748,4821.41553,1
3590.3623,4935.665,1
3590.76343,4676.85938,1
3591.2417,5796.21875,1
3591.429,4644.829,1
3591.45,4729.099,1
3591.88257,5125.09033,1
3593.20972,4964.389,1
3593.37842,4935.09131,1
3593.52417,4717.44043,1
3594.02759,5038.90039,1
3594.50781,5104.627,1
3595.14063,4543.38574,1
3595.41968,4559.75146,1
3596.41162,4926.091,1
3596.934,4990.031,1
3597.41187,5155.575,1
3597.95825,4844.05762,1
3598.13574,4588.80127,1
3598.20117,4879.01025,1
3598.63965,4635.30469,1
3599.25171,4505.365,1
3599.63062,5805.846,1
3600.01343,5133.007,1
3600.20117,4410.38,1
3600.265,5066.48535,1
3600.77222,4988.932,1
3600.86377,5648.864,1
3601.735,5913.649,4
3601.74414,4662.06152,1
3601.86255,5967.61035,4
3602.742,5656.10938,1
3602.91968,4908.37646,1
3602.964,4815.519,1
3604.38818,4766.80957,1
3604.898,4982.28955,1
3605.15112,5152.36768,1
3605.41528,4925.982,1
3605.45947,4364.2207,1
3606.264,5696.555,1
3607.20947,5113.988,1
3608.94,4963.39941,1
3610.77051,4674.99463,1
3610.792,5065.094,1
3611.39868,4380.12939,1
3612.14014,4540.013,1
3612.368,5192.71143,1
3612.92676,4383.086,1
3612.93579,5231.40869,1
3613.1333,5058.50732,1
3614.53369,4560.457,1
3614.704,4793.2417,1
3614.826,4973.898,1
3615.989,5613.94531,1
3616.68433,4969.409,1
3617.23145,4928.48145,1
3618.13525,4888.30762,1
3619.68164,4136.24463,1
3619.76343,4944.2627,1
3621.38721,5019.60742,1
3621.71484,4239.19629,1
3621.87476,5954.52051,4
3621.941,4744.20166,1
3622.53613,4978.906,1
3622.62329,4703.55,1
3622.78662,5060.59961,1
3622.912,4886.66846,1
3623.14014,4974.36035,1
3624.6687,5256.953,1
3624.71826,4982.4126,1
3624.93262,4745.25439,1
3625.16553,4875.69043,1
3625.815,4523.336,1
3626.35938,5188.408,1
3629.17725,4295.84473,1
3629.39673,5236.22,1
3629.961,4737.94434,1
3630.543,5158.53027,1
3630.60229,4709.85254,1
3631.57251,5056.15771,1
3631.74927,5803.51172,1
3631.90479,4716.6665,1
3632.034,4630.225,1
3633.08667,4753.723,1
3633.14063,4160.296,1
3633.234,4758.237,1
3633.345,4704.009,1
3633.36,4682.793,1
3633.61572,5263.752,1
3633.99927,4821.31152,1
3635.893,4861.352,1
3636.00586,4880.13232,1
3636.11133,4703.42725,1
3637.26831,5561.854,1
3638.09863,4906.61768,1
3639.3,4871.52539,1
3639.54517,5516.286,1
3639.94043,5223.56934,1
3640.578,4734.011,1
3641.606,4902.18164,1
3641.731,5665.473,1
3641.94116,4527.67139,1
3642.33228,5127.128,1
3642.977,4940.327,1
3643.02783,4912.724,1
3643.26074,4500.966,1
3643.671,5083.57666,1
3643.73755,4690.1333,1
3645.308,4615.136,1
3645.415,5016.22168,1
3646.811,4990.87,1
3647.24438,4833.306,1
3647.36353,4622.226,1
3649.39771,4259.21338,1
3649.996,4812.163,1
3650.12769,5734.23633,1
3650.50537,4926.86768,1
3650.869,5047.90039,1
3651.28735,4816.134,1
3651.842,4968.489,1
3652.00684,4412.45068,1
3653.44116,5053.117,1
3653.55713,4329.975,1
3653.84253,5038.99561,1
3654.07959,4988.24268,1
3654.61646,5150.70166,1
3654.78418,5295.077,1
3655.20532,5209.845,1
3655.39722,4902.36768,1
3656.56885,5283.328,1
3657.5896,5843.24072,1
3658.21313,4783.934,1
3659.75562,4896.394,1
3660.60083,5018.95264,1
3660.76636,4329.44043,1
3661.54443,4653.03027,1
3662.283,4696.008,1
3662.451,4979.78467,1
3662.56616,4947.986,1
3664.146,4958.591,1
3665.20117,5468.26172,1
3665.64771,5158.97363,1
3666.03613,4635.977,1
3666.038,4898.8833,1
3667.13452,5142.546,1
3667.18457,4675.507,1
3667.28833,5040.0625,1
3667.299,4851.17236,1
3667.67188,4247.801,1
3667.96655,5185.87061,1
3668.077,4980.464,1
3668.50244,4688.37939,1
3668.65356,4942.06348,1
3669.01563,5002.035,1
3669.165,5155.305,1
3669.913,5156.75732,1
3670.24878,5074.289,1
3670.27344,4762.73145,1
3670.77026,5109.301,1
3671.05151,4869.75244,1
3671.232,4458.07764,1
3671.28125,5746.333,1
3671.47266,5114.625,1
3671.9375,5023.30859,1
3672.477,5752.90137,1
3673.59668,4943.334,1
3674.12036,4503.801,1
3674.486,4700.85156,1
3675.11255,5010.8457,1
3676.15527,5974.07764,4
3676.20557,4895.54932,1
3676.65967,4792.48926,1
3676.67749,5082.47754,1
3676.69287,4874.12842,1
3677.01514,5890.70459,1
3677.208,5904.936,1
3677.338,4892.279,1
3677.53271,4820.283,1
3677.60767,5046.26367,1
3678.05322,4816.914,1
3678.21631,5082.054,1
3678.88037,5424.96436,1
3678.90234,5387.6,1
3679.729,5031.44043,1
3679.99268,4169.0625,1
3679.99951,4897.083,1
3680.076,5119.305,1
3680.25781,4979.09473,1
3680.44653,5512.76465,1
3680.79126,4879.751,1
3680.99829,4933.11035,1
3681.31982,4802.861,1
3683.10718,5247.473,1
3683.90918,5439.55859,1
3684.9978,4460.653,1
3685.278,4814.5874,1
3685.3147,4733.8125,1
3685.45728,5023.341,1
3686.02271,5204.504,1
3686.06372,5173.286,1
3687.29468,4791.199,1
3687.83862,4128.58936,1
3688.13013,4973.101,1
3688.792,4333.83154,1
3688.89746,5052.32764,1
3688.98584,4905.494,1
3688.98682,4746.31152,1
3689.22144,5260.97949,1
3689.598,5331.139,1
3690.027,4757.87549,1
3690.737,4879.59033,1
3691.616,5005.247,1
3691.78,5839.363,1
3692.10571,4865.69775,1
3692.23535,5142.241,1
3692.756,4744.59326,1
3693.16235,5589.05127,1
3694.05957,4714.446,1
3694.22485,4670.42236,1
3694.795,4769.635,1
3695.02075,4972.921,1
3695.19458,4903.206,1
3695.25146,5608.187,1
3695.8623,5004.648,1
3696.19458,4789.603,1
3696.26758,4650.501,1
3696.49365,4959.499,1
3696.707,4987.574,1
3696.713,4385.30859,1
3697.06543,5280.12158,1
3697.7854,4898.79053,1
3698.1355,4738.973,1
3698.22461,4650.78125,1
3698.52979,4915.145,1
3699.473,5080.899,1
3700.80151,4989.37451,1
3700.86938,5973.91064,4
3700.9314,4862.30566,1
3701.10938,5226.547,1
3701.39868,5777.517,1
3701.64331,5178.339,1
3702.17383,5209.002,1
3704.94263,5157.86963,1
3705.46436,5034.04248,1
3707.63159,5334.475,1
3708.51074,5179.226,1
3708.52881,4813.49365,1
3709.28613,4724.047,1
3709.48267,5003.559,1
3709.54272,5247.84229,1
3709.58813,4894.99658,1
3710.12817,5038.094,1
3710.25586,4724.866,1
3710.28516,5075.25342,1
3710.7373,5295.10254,1
3710.93359,4639.554,1
3711.7334,5175.34131,1
3711.9436,5057.738,1
3712.136,5408.10449,1
3712.937,5100.192,1
3713.1897,4979.16455,1
3713.95215,5950.911,4
3714.09644,5229.803,1
3714.56421,5041.77734,1
3715.22974,5689.36328,1
3716.05518,5109.724,1
3716.33179,4976.47461,1
3716.41162,5948.24365,4
3717.11743,5016.742,1
3717.18726,5251.855,1
3717.72388,5025.378,1
3717.81519,4791.91748,1
3718.05,5020.73633,1
3718.07886,5665.358,1
3718.799,5032.954,1
3718.97021,4860.178,1
3719.1145,4636.904,1
3719.15356,5170.196,1
3719.88135,5016.936,1
3719.96582,5292.16553,1
3720.217,4920.449,1
3720.34277,5817.312,1
3720.94336,5794.43945,1
3721.77124,4481.80762,1
3722.84985,4986.105,1
3723.28687,4982.105,1
3723.383,4958.19629,1
3724.222,5072.1875,1
3724.37915,5005.469,1
3724.77466,5159.20166,1
3725.2356,5238.82031,1
3725.40771,5320.394,1
3725.446,5075.27,1
3725.7854,5013.576,1
3728.02222,4747.043,1
3728.84277,5064.399,1
3729.08179,4728.91162,1
3729.63574,4649.582,1
3730.08447,5920.936,4
3730.4353,6191.54,4
3730.785,4996.555,1
3730.84131,5197.19775,1
3731.217,5123.52832,1
3731.46362,4535.65625,1
3732.72583,5074.5957,1
3732.85425,6411.902,4
3733.37964,4825.90527,1
3733.55518,4840.86768,1
3733.71558,5069.79541,1
3733.81641,5109.679,1
3733.89185,4288.93164,1
3735.076,4943.291,1
3736.245,4817.302,1
3736.25977,5009.098,1
3736.295,4859.382,1
3736.76636,5041.5625,1
3737.96313,5154.99756,1
3738.376,4890.374,1
3739.157,6060.426,4
3739.31982,5755.52832,1
3739.4165,5006.92969,1
3739.482,4941.67236,1
3739.665,5684.50244,1
3740.4812,4817.82,1
3740.48755,5198.32227,1
3740.529,4619.66748,1
3740.86475,5283.51563,1
3740.95068,5017.3125,1
3741.075,5079.12842,1
3741.32568,4841.096,1
3741.56152,5193.48047,1
3741.60278,5660.362,1
3741.77612,4943.71729,1
3741.82153,6041.0166,4
3741.99585,4385.13135,1
3742.06641,5173.37354,1
3742.19824,5003.842,1
3742.99878,5252.587,1
3743.4126,4995.48145,1
3743.678,5046.344,1
3743.81885,5556.378,1
3743.9563,4900.907,1
3744.66064,5243.63037,1
3745.363,5297.83936,1
3745.636,5005.04443,1
3745.7583,5013.02,1
3746.03271,4728.004,1
3747.26587,5818.919,1
3748.08179,6172.27734,4
3748.277,4445.86035,1
3748.319,4169.638,1
3748.327,5125.595,1
3748.49487,5191.899,1
3748.76685,5286.21631,1
3749.05884,5037.66064,1
3749.23413,4900.6416,1
3749.32959,5031.679,1
3749.41431,6149.72852,4
3749.5625,4994.46436,1
3749.617,5172.22559,1
3750.92676,4842.93652,1
3751.68237,4709.972,1
3752.17065,5189.03662,1
3752.46826,4946.91357,1
3752.47632,5333.29248,1
3752.492,5259.659,1
3754.58057,4803.11328,1
3754.95581,5026.13672,1
3755.66675,5085.15039,1
3755.74951,5104.49561,1
3755.957,4364.86328,1
3756.32056,6326.21875,4
3756.35986,4934.926,1
3756.72534,5083.69775,1
3756.75879,5054.237,1
3757.024,5823.456,1
3757.47046,4376.335,1
3757.52515,5092.39453,1
3757.54663,5088.812,1
3757.84717,4932.55127,1
3757.91626,5307.602,1
3758.262,5153.30762,1
3758.27075,4964.258,1
3758.804,4667.966,1
3758.871,4623.477,1
3759.38672,4948.191,1
3759.566,5221.03955,1
3759.67163,4865.177,1
3759.91235,5013.94141,1
3760.55444,5101.702,1
3761.43726,5001.753,1
3762.27637,5354.642,1
3762.7937,4584.747,1
3763.19458,5022.44775,1
3763.82153,5774.103,1
3764.13379,5018.68,1
3764.29468,5043.642,1
3764.33862,4902.7417,1
3765.01758,4960.581,1
3765.04224,5101.10645,1
3765.69653,4679.49854,1
3765.98828,4853.38428,1
3766.06714,4961.769,1
3766.346,5101.907,1
3766.7832,4862.11475,1
3767.12964,5308.55469,1
3767.135,4248.06934,1
3768.108,5008.105,1
3768.2168,4944.471,1
3768.27441,4742.88037,1
3768.35034,5154.12549,1
3769.01758,5187.81836,1
3769.09424,5025.04248,1
3769.85278,4943.82129,1
3769.93677,4699.50146,1
3770.973,4859.44336,1
3771.554,5795.88135,1
3771.77686,5041.44531,1
3771.77734,5164.40527,1
3772.32715,5039.411,1
3772.52051,6249.585,4
3773.095,4795.03,1
3773.21045,5181.737,1
3773.49976,5265.1875,1
3773.65137,4984.5166,1
3773.74365,4390.3877,1
3773.7793,5068.03027,1
3773.9646,4760.767,1
3774.34644,5033.62646,1
3774.44165,5728.646,1
3774.668,5123.77734,1
3775.08521,4823.80469,1
3775.13184,4882.99756,1
3775.209,6078.648,4
3776.05029,6118.197,4
3776.49756,5006.84473,1
3777.37158,5018.67871,1
3777.62231,6133.3667,4
3777.70728,5012.346,1
3777.811,4982.655,1
3778.28784,4986.17529,1
3778.35425,5015.76367,1
3779.01514,5031.78125,1
3779.24536,4810.15771,1
3779.53857,4914.9165,1
3780.009,5092.29639,1
3780.198,6176.97461,4
3780.43677,5072.918,1
3781.158,4935.736,1
3781.39819,6091.37256,4
3781.70264,4923.00439,1
3781.715,4981.37744,1
3782.52954,4780.79443,1
3783.0166,5104.13672,1
3783.45068,4462.391,1
3785.50317,5018.024,1
3786.4624,5261.204,1
3788.14282,5680.542,1
3788.54443,6175.83643,4
3788.73682,5164.144,1
3789.19922,5032.27637,1
3789.6333,4932.98,1
3789.80835,6198.93848,4
3789.86133,5072.16943,1
3789.91,4858.81,1
3791.6936,5057.173,1
3791.84839,5055.985,1
3792.34229,6048.864,4
3792.71338,5148.945,1
3792.92432,4860.285,1
3794.19531,4964.247,1
3794.534,5055.23145,1
3795.14185,5130.82129,1
3795.43115,4902.49658,1
3795.93335,4805.10254,1
3795.95532,6180.81934,4
3796.12354,6142.506,4
3796.98169,6025.12549,4
3797.87476,4853.828,1
3798.9126,5038.32666,1
3799.324,4938.62,1
3799.39844,4402.95947,1
3800.1123,5050.77344,1
3800.73682,5256.444,1
3800.77783,5383.123,1
3801.25146,5147.882,1
3801.25269,4819.519,1
3801.44141,5018.05273,1
3801.895,5119.358,1
3803.45313,5157.47559,1
3803.79468,4894.31641,1
3804.4895,5067.72363,1
3805.3645,5992.65332,4
3805.41821,5113.647,1
3805.59741,5298.0625,1
3805.88257,4831.583,1
3806.81641,5009.81445,1
3807.10059,4990.853,1
3807.31519,5224.113,1
3808.7417,5033.494,1
3809.57935,4911.55,1
3810.01978,4983.218,1
3810.122,4328.723,1
3812.61768,5204.276,1
3812.79663,4953.50537,1
3813.15625,5158.618,1
3813.37329,4921.461,1
3813.67969,5181.723,1
3813.85229,5166.09668,1
3814.481,4670.62549,1
3814.57886,5382.723,1
3814.79321,4251.577,1
3814.889,5066.931,1
3814.938,5033.71533,1
3815.22144,4998.53,1
3815.30859,6213.84229,4
3815.74634,5989.313,4
3816.21167,5198.28955,1
3816.42017,4171.92236,1
3816.59521,5121.4707,1
3816.82739,4961.07227,1
3816.91162,5211.52,1
3818.0188,5466.68066,1
3818.14478,4916.6084,1
3818.21948,5017.719,1
3818.482,5778.576,1
3818.578,4839.183,1
3818.7522,5056.38232,1
3819.085,4749.53857,1
3819.74463,5200.771,1
3820.707,5049.43848,1
3821.45166,4554.802,1
3822.3042,5992.92871,4
3823.01758,5085.595,1
3823.552,5051.852,1
3823.766,5046.761,1
3823.973,5013.591,1
3824.011,5214.82959,1
3825.00586,4988.883,1
3825.045,5281.78662,1
3826.19849,4985.49658,1
3826.458,5889.607,1
3827.01,4904.94336,1
3827.24341,5950.264,4
3827.44336,4993.74561,1
3828.305,5119.48047,1
3828.508,5261.84668,1
3828.54468,5389.89355,1
3828.54736,5060.73975,1
3828.60571,5103.175,1
3828.806,5161.06738,1
3828.92578,5194.476,1
3829.7085,5152.18066,1
3830.51782,6294.222,4
3831.02075,5149.44727,1
3831.34058,4769.723,1
3832.72754,5102.99658,1
3832.871,6102.089,4
3832.9436,5322.596,1
3833.46118,5023.147,1
3833.61353,4882.94531,1
3834.192,5983.861,4
3835.309,5280.56055,1
3835.43872,5119.30029,1
3835.84863,5184.06445,1
3836.03955,4377.7334,1
3836.40625,5769.841,1
3837.86914,5119.23438,1
3838.57617,5110.56641,1
3839.59668,5176.461,1
3839.7373,5047.35742,1
3839.7644,6143.46973,4
3840.08887,4994.73438,1
3840.112,6316.7876,4
3840.155,4844.859,1
3840.34888,5915.185,4
3840.83545,5281.76855,1
3840.85181,4966.153,1
3841.02954,5349.53467,1
3842.07349,5093.026,1
3842.53613,5886.121,1
3842.58154,5126.80566,1
3842.79761,5212.30225,1
3843.03076,6102.55566,4
3843.119,5171.493,1
3843.688,5116.2373,1
3844.05029,5401.09473,1
3845.63721,6183.702,4
3846.09033,4768.26172,1
3846.238,5321.02734,1
3846.79126,5135.457,1
3846.99121,4954.126,1
3847.16113,5132.943,1
3847.4978,6135.07959,4
3847.71631,5011.335,1
3848.03735,5082.94775,1
3849.77686,5102.549,1
3849.849,5033.6875,1
3850.38672,4955.529,1
3850.84424,6029.49951,4
3852.11353,5861.49268,1
3852.211,4986.80225,1
3852.301,6213.25732,4
3852.38647,6288.87451,4
3853.14331,4960.948,1
3853.328,5279.42773,1
3854.00757,5152.257,1
3854.17529,5197.55957,1
3854.25781,4888.198,1
3854.33276,5752.57129,1
3854.5813,4652.29248,1
3854.58545,4899.24,1
3854.632,5024.417,1
3856.18335,4677.839,1
3856.512,5969.176,4
3857.57617,5262.793,1
3857.646,5964.05371,4
3858.42236,6175.326,4
3858.70752,5154.1167,1
3858.80273,4935.642,1
3859.432,5979.904,4
3859.837,5062.58838,1
3860.07031,6078.96143,4
3860.10327,5239.45459,1
3860.27222,5716.524,1
3860.73047,5389.02441,1
3861.6416,6102.773,4
3861.67676,5085.18,1
3862.40845,5374.17969,1
3865.69824,5048.852,1
3865.77661,5019.016,1
3865.83838,5007.17432,1
3866.87354,5332.41846,1
3867.28076,5062.112,1
3871.196,5158.82471,1
3871.41235,5108.516,1
3871.44775,6099.699,4
3872.3064,4962.2793,1
3874.04419,5403.964,1
3874.30933,6117.34961,4
3874.938,5112.59766,1
3875.746,5126.868,1
3876.572,6022.61133,4
3876.94019,5008.074,1
3877.209,5303.80762,1
3878.12476,6249.78857,4
3880.11475,4947.45557,1
3880.16064,4935.445,1
3880.235,5059.69531,1
3880.30957,4957.53564,1
3881.44482,5137.47,1
3881.81226,5020.356,1
3882.14673,4690.16846,1
3882.96216,5027.59,1
3883.75464,5199.297,1
3884.14673,5056.745,1
3884.25317,5269.259,1
3884.68,5176.525,1
3885.5188,4339.99756,1
3885.5564,5213.959,1
3887.849,5191.001,1
3888.005,5066.099,1
3888.58032,6112.03174,4
3889.032,4860.42725,1
3889.32227,5982.81055,4
3889.38452,5072.40332,1
3889.401,4967.051,1
3890.168,5066.289,1
3890.42773,5503.271,1
3890.95337,4913.625,1
3891.91187,6350.737,4
3891.9917,5268.854,1
3892.27368,5407.007,1
3893.45483,4819.482,1
3893.93262,6086.62158,4
3894.23486,4904.5083,1
3895.29,5054.62061,1
3895.669,5227.9165,1
3895.79834,5118.946,1
3897.38525,6100.788,4
3897.49243,5427.811,1
3898.68359,5932.75,4
3899.58618,6315.822,4
3901.1875,5891.825,1
3904.05322,5352.49365,1
3904.60181,5046.06836,1
3904.688,6361.14258,4
3905.02368,6114.47,4
3905.108,5064.08936,1
3905.17676,5009.014,1
3905.91577,6201.328,4
3907.15552,5953.33838,4
3907.83984,5113.257,1
3908.01636,5164.515,1
3908.06519,5256.0293,1
3908.87231,6155.5874,4
3910.128,5593.24756,1
3911.377,6007.08643,4
3912.27759,5047.23926,1
3912.31567,5089.741,1
3913.1333,4675.943,1
3913.70435,4858.628,1
3913.8645,6505.506,4
3914.469,4907.73438,1
3914.746,4210.303,1
3914.92139,5171.17,1
3915.42676,5277.92725,1
3915.99536,5096.035,1
3917.34,6133.0625,4
3918.012,5118.288,1
3918.06,4690.636,1
3918.53247,6131.092,4
3918.6106,6422.924,4
3918.78,5113.81055,1
3920.4397,4873.72,1
3920.51953,5120.5127,1
3922.56226,4588.713,1
3923.45313,4982.61133,1
3924.614,5249.63037,1
3924.97144,4441.248,1
3925.69,6445.373,4
3926.04175,6396.308,4
3926.64355,5019.126,1
3927.429,4996.955,1
3927.64087,4999.074,1
3928.124,6027.7085,4
3928.24316,5230.78662,1
3929.02124,5064.586,1
3930.32959,4629.316,1
3930.369,6297.04736,4
3930.96313,4950.83545,1
3931.89136,5347.26172,1
3932.22339,4842.6543,1
3932.47168,4448.65625,1
3932.48755,5456.23047,1
3932.98315,5347.71533,1
3932.98853,5409.819,1
3933.44922,5770.57,1
3933.52344,5252.439,1
3933.59937,6103.14355,4
3936.618,5967.54248,4
3936.87866,6315.843,4
3936.9436,6047.36328,4
3938.885,4478.675,1
3939.4292,5176.47168,1
3939.938,6164.26465,4
3939.94067,5263.80273,1
3940.13159,6263.222,4
3940.35132,5852.62256,1
3940.74487,6243.50537,4
3942.28857,4950.359,1
3942.31177,4975.193,1
3942.55249,4561.31152,1
3943.48169,6395.7207,4
3943.6792,5224.10742,1
3944.238,4394.619,1
3944.57983,6346.437,4
3944.66724,5446.194,1
3944.792,5345.786,1
3945.182,6379.355,4
3945.41284,5438.886,1
3946.60962,6287.54346,4
3947.03442,5190.51,1
3947.6062,6352.051,4
3951.01074,6131.28662,4
3951.62964,5797.023,1
3951.77,6117.507,4
3952.09375,6164.946,4
3954.53247,5156.46826,1
3956.54688,5239.735,1
3956.64966,4481.42627,1
3956.65674,6276.389,4
3957.298,5534.783,1
3958.63843,6035.79541,4
3958.90063,5124.59863,1
3959.44385,5965.899,4
3961.59229,6598.45752,4
3962.35132,5490.642,1
3962.732,4339.4375,1
3964.88013,5863.56152,1
3966.995,4755.39941,1
3967.92334,5369.53369,1
3968.67871,5076.83057,1
3969.04761,6196.60449,4
3969.61646,5020.69336,1
3969.78076,6222.614,4
3969.872,5250.591,1
3970.07837,6103.488,4
3971.07446,5671.43,1
3972.44263,4270.31836,1
3973.82813,5237.44775,1
3973.99658,5173.652,1
3976.88281,4571.01465,1
3977.12085,5152.383,1
3977.35522,5437.62451,1
3977.8645,4689.35352,1
3978.28247,5184.81641,1
3978.45923,5093.87646,1
3978.51025,6062.27051,4
3978.9917,6303.74072,4
3981.53735,6220.53369,4
3981.62085,5432.96436,1
3982.28613,6234.39,4
3982.42114,6217.79736,4
3982.93,6107.457,4
3983.06543,6343.15,4
3984.65356,6022.379,4
3984.80664,6255.121,4
3985.31055,5264.59033,1
3986.21387,4332.75732,1
3986.43457,4747.73145,1
3986.71,6396.7793,4
3987.079,5431.39063,1
3987.26221,5344.39941,1
3987.70166,6015.31445,4
3988.74976,5116.409,1
3989.746,5249.14063,1
3990.86426,6404.549,4
3991.61646,6152.117,4
3992.11621,5546.5376,1
3993.32422,5916.17236,4
3993.52,5129.623,1
3993.77051,6090.403,4
3994.72,6241.513,4
3994.77783,5630.668,1
3995.69165,6341.17432,4
3996.38037,5293.25049,1
3998.61377,4656.614,1
3998.86743,5321.56055,1
3999.43628,6199.229,4
4002.431,5468.85449,1
4004.10645,6037.33545,4
4004.96924,5491.109,1
4006.76587,5390.593,1
4007.046,6328.47559,4
4008.23975,6207.814,4
4009.81738,6243.86963,4
4013.23169,5489.889,1
4014.53345,4744.239,1
4015.473,5579.26953,1
4015.48022,5694.907,1
4016.18237,4708.856,1
4016.27612,6290.59668,4
4017.73682,5274.63867,1
4018.19385,5476.08936,1
4018.83228,4986.05371,1
4019.51318,5465.26953,1
4019.805,6187.30957,4
4019.91675,5565.96436,1
4020.49731,5373.264,1
4020.97485,5475.403,1
4021.97778,5401.72559,1
4022.302,5922.42773,4
4022.439,5541.92529,1
4022.47974,5518.70068,1
4022.73145,5429.997,1
4022.874,5691.35254,1
4024.18481,6208.188,4
4025.32886,6479.084,4
4027.22925,6414.277,4
4027.402,5469.627,1
4028.06128,5015.681,1
4028.81567,6068.182,4
4029.65234,5450.24854,1
4029.6814,5508.79639,1
4029.77783,5478.849,1
4030.1958,5367.349,1
4033.838,5353.907,1
4033.88232,5450.26074,1
4034.31421,5222.16943,1
4037.63086,5434.17871,1
4038.11328,5367.605,1
4039.065,5983.227,4
4039.09448,6116.704,4
4042.60132,6338.428,4
4043.87866,4701.82129,1
4045.12671,5290.77637,1
4045.56055,5272.535,1
4046.31372,4403.032,1
4048.64136,5952.247,4
4048.882,5467.53027,1
4048.95581,6341.57666,4
4049.91431,6321.55566,4
4050.22729,5053.39063,1
4051.16675,5437.15771,1
4051.58179,6280.74463,4
4051.66235,5345.34668,1
4051.88574,5544.665,1
4052.19971,4550.2373,1
4053.27441,6752.02148,4
4053.34131,5296.73242,1
4053.79053,6393.33252,4
4053.81885,5516.16455,1
4056.38184,5554.10645,1
4058.379,6058.14063,4
4058.5498,5253.66553,1
4060.31616,5443.723,1
4060.61523,6569.772,4
4060.677,4818.235,1
4061.148,5126.58057,1
4064.76343,6210.672,4
4066.88574,5296.869,1
4067.868,5381.78125,1
4067.92017,5365.88232,1
4069.77173,4770.23438,1
4071.21777,5925.153,4
4072.34766,5285.679,1
4073.991,4810.92773,1
4075.20776,5528.975,1
4075.53735,5038.116,1
4075.61743,5465.203,1
4075.71387,5342.567,1
4076.207,4718.13965,1
4076.39136,5512.596,1
4078.03,4866.663,1
4078.34668,5408.60547,1
4082.07739,5444.076,1
4085.08618,5167.69629,1
4086.02661,6404.694,4
4087.42432,6283.47168,4
4087.94482,5596.14063,1
4088.54541,4580.86426,1
4088.58228,5557.045,1
4090.355,5338.38232,1
4090.45435,5815.54443,1
4097.13,5403.39746,1
4097.171,5526.13574,1
4097.61035,5564.235,1
4097.806,5681.13574,1
4097.97656,5619.15137,1
4098.67334,6046.29248,4
4101.59229,5654.5083,1
4101.73047,5349.89,1
4103.01855,5143.242,1
4103.772,5395.0083,1
4104.756,5473.704,1
4105.019,5548.10645,1
4109.976,6916.97754,4
4110.95752,5380.92773,1
4111.097,5571.261,1
4113.61035,5506.08643,1
4114.142,5683.367,1
4114.22168,5257.918,1
4114.94043,4564.11475,1
4115.764,6161.09131,4
4115.951,5556.217,1
4117.25732,4810.77637,1
4117.45752,6365.51563,4
4118.56445,6848.18555,4
4119.396,5649.255,1
4121.642,5454.01758,1
4121.78,5348.102,1
4122.083,5368.91553,1
4122.86768,6408.774,4
4123.25146,6762.70752,4
4124.279,6507.323,4
4124.476,5368.639,1
4127.191,5263.465,1
4127.38574,6147.30859,4
4130.226,5551.882,1
4130.974,5419.866,1
4131.928,5438.309,1
4136.327,5277.012,1
4138.324,5544.64355,1
4138.577,5509.781,1
4138.668,5461.001,1
4139.746,5574.683,1
4140.64746,5525.462,1
4141.155,4709.912,1
4143.147,5252.965,1
4144.30664,6515.886,4
4144.763,6784.544,4
4147.243,5061.07031,1
4150.738,6582.43262,4
4153.166,6493.79,4
4154.713,6101.526,4
4155.12744,4845.05371,1
4156.07471,4827.14844,1
4156.71729,5551.53125,1
4156.892,6498.068,4
4160.968,5418.40869,1
4161.259,5452.106,1
4161.562,5333.378,1
4163.07227,5629.85449,1
4165.157,5540.607,1
4168.119,5319.67871,1
4170.26367,6024.11475,4
4170.92529,5303.889,1
4172.763,5071.505,1
4172.82471,6519.09,4
4175.483,5293.817,1
4176.225,6659.795,4
4177.985,6497.763,4
4178.45947,4837.72559,1
4179.08643,4828.05225,1
4179.11133,6512.92041,4
4179.61,5188.378,1
4183.123,5537.75,1
4183.38232,5482.09766,1
4184.083,6367.44727,4
4188.087,6629.533,4
4194.93848,5826.86963,1
4196.35,5564.15967,1
4198.51563,4686.07764,1
4201.796,4993.827,1
4203.166,6355.25146,4
4203.29932,6865.196,4
4205.434,4789.609,1
4206.408,4513.88574,1
4206.59326,5490.67529,1
4206.73438,5918.952,4
4208.51953,5513.529,1
4208.5957,6144.318,4
4208.72266,6710.1123,4
4209.52,5170.57959,1
4209.834,6554.06348,4
4211.074,6968.722,4
4212.91553,5281.82764,1
4214.81543,6448.695,4
4216.82764,5283.24463,1
4217.237,6367.608,4
4218.54639,4821.646,1
4222.30273,6369.46973,4
4229.12646,6591.855,4
4230.771,5553.66943,1
4230.85547,5444.943,1
4234.11426,5274.16,1
4234.284,5713.153,1
4235.88,5262.30859,1
4236.323,7036.788,4
4238.6333,6793.139,4
4239.576,6694.64941,4
4240.07666,5622.44434,1
4241.02832,5580.717,1
4241.47754,4938.753,1
4244.15,6927.769,4
4246.93066,5199.40332,1
4249.82129,5845.18262,1
4249.89453,6462.719,4
4250.42773,6620.106,4
4252.22754,5729.71533,1
4252.8916,5830.672,1
4253.136,6913.433,4
4253.42871,5145.27344,1
4258.05957,5614.75635,1
4258.09,5261.937,1
4261.976,4800.797,1
4262.623,6687.683,4
4263.352,5362.611,1
4263.43359,6397.057,4
4263.679,6605.281,4
4267.132,4994.7207,1
4268.691,5600.33838,1
4269.029,6888.20947,4
4271.198,6628.2417,4
4271.94434,6686.159,4
4274.55957,5086.2876,1
4277.171,6633.483,4
4282.818,6489.876,4
4284.083,6785.75928,4
4286.90771,4752.10742,1
4289.829,4948.45947,1
4297.83154,5406.99072,1
4300.462,4981.65625,1
4301.887,5194.269,1
4313.51758,6661.07275,4
4314.66064,4698.935,1
4316.12,6790.091,4
4317.872,6907.498,4
4328.878,6620.08545,4
4334.49463,4999.245,1
4344.432,5198.995,1
4348.31,5527.08936,1
4357.51953,5190.841,1
4360.577,6940.90039,4
4370.221,5183.619,1
4370.51758,5008.019,1
4376.81055,5851.119,1
4390.81,6373.36133,3
4397.2793,5838.54639,1
4404.925,5329.055,1
4405.597,4910.71533,2
4407.25537,5243.136,2
4424.34375,5151.62061,1
4426.22168,6741.79932,3
4426.83643,6693.69336,3
4431.451,5463.25146,1
4433.14453,5458.782,1
4442.40039,5979.264,3
4447.669,5517.54443,1
4453.95068,5186.93848,1
4455.381,5049.744,1
4464.519,5873.40137,1
4469.66846,6293.58,3
4470.64648,5471.308,1
4474.05957,7225.769,3
4476.863,5479.454,1
4481.198,6770.054,3
4481.69971,5938.849,3
4497.926,6228.12256,3
4511.41846,5515.965,1
4511.67969,5266.416,1
4512.482,5960.47852,3
4525.11963,5122.44043,1
4531.63867,5495.162,1
4532.36328,5317.069,1
4537.58838,5389.915,1
4541.07031,5159.10742,1
4543.25928,5339.078,1
4556.615,5489.51758,1
4556.993,6136.966,3
4563.618,5189.10352,1
4564.84473,5491.276,1
4566.30225,5372.75537,1
4568.9043,5419.882,1
4574.76,5947.71729,3
4580.089,5686.925,1
4584.442,5503.305,1
4589.49756,5219.9375,1
4599.862,5418.889,1
4601.79248,5422.40674,1
4601.92725,5489.35,1
4608.966,5372.07031,1
4610.563,5584.4834,1
4614.207,5331.50928,1
4619.12158,5432.33447,1
4623.4,5456.345,1
4628.702,5832.722,1
4629.61133,5763.62451,1
4635.292,5510.965,1
4637.6333,5341.024,1
4645.72559,6173.76074,3
4649.89551,5289.86768,1
4650.74854,5383.52832,1
4650.88135,5601.85742,1
4654.08154,5019.58643,1
4657.56738,5560.839,1
4658.317,6093.76,3
4675.223,6229.263,3
4676.5127,5743.24658,1
4677.981,5666.50928,1
4682.0127,5703.6,1
4685.13135,5413.18,1
4685.251,5533.37939,1
4685.817,5666.26953,1
4686.457,6154.329,3
4688.42871,5618.44238,1
4689.78174,5429.249,1
4690.408,5799.50146,1
4698.412,5790.74561,1
4711.15039,7429.693,3
4715.4,5385.339,1
4720.70752,5523.44775,1
4733.64941,5506.1875,1
4735.41455,5568.386,1
4738.69727,5604.39844,1
4739.73633,5584.417,1
4746.017,5751.2334,1
4747.06,5251.975,1
4748.558,5407.04,1
4751.123,5406.724,1
4754.02637,6084.15527,3
4759.065,5410.22754,1
4763.17529,5388.771,1
4765.64648,5377.064,1
4767.722,6009.37842,3
4771.49658,5341.034,1
4778.708,6009.11475,3
4779.22852,5443.64648,1
4787.41553,5505.932,1
4794.981,5480.58252,1
4796.501,6102.57275,3
4796.58545,6007.278,3
4799.53662,6179.404,3
4806.98145,6221.67,3
4811.02441,5205.17871,1
4817.675,5524.396,1
4822.41357,6087.89,3
4831.94336,5336.74756,1
4833.691,5709.14941,1
4834.97,6324.17773,3
4835.767,5654.651,1
4838.195,5789.74268,1
4838.919,5517.699,1
4842.09131,5416.37842,1
4843.868,6056.29834,3
4843.9834,5811.478,1
4849.79443,5600.64,1
4855.862,5811.4873,1
4860.961,6000.11572,3
4866.325,6401.104,3
4867.48047,5489.11133,1
4868.802,5875.34473,1
4874.85,6515.52832,3
4881.797,6002.89,3
4885.23145,5990.55957,3
4892.35449,6032.604,3
4893.751,5757.251,1
4894.398,6245.8623,3
4894.65869,5416.26025,1
4898.12158,5849.15,1
4904.04639,6261.903,3
4909.242,5977.82568,3
4912.00146,5713.81,1
4918.53369,6032.883,3
4921.06836,6131.311,3
4928.545,6305.55371,3
4928.66,5564.796,1
4929.209,5827.386,1
4932.4165,6049.62939,3
4935.46143,5565.91455,1
4940.903,5635.814,1
4941.985,5767.19434,1
4944.87939,5982.97168,3
4945.32861,5581.586,1
4953.517,6044.257,3
4954.30371,6571.82,3
4956.58252,6520.398,3
4957.05859,5897.82666,1
4957.20068,5838.98145,1
4967.494,5658.073,1
4967.63135,6650.20264,3
4968.055,6670.436,3
4971.522,5704.72266,1
4976.31934,7603.63574,3
4979.149,5704.37744,1
4984.028,5657.854,1
4991.54541,6224.342,3
4992.5835,6473.075,3
4993.60254,6392.145,3
5000.45557,6148.88574,3
5001.254,6495.45947,3
5001.33643,5633.168,1
5009.92773,6033.506,3
5011.187,6025.766,3
5012.597,6663.65137,3
5016.96826,6146.552,3
5023.605,6064.912,3
5024.77539,6603.612,3
5024.93,6068.142,3
5025.62354,6227.75635,3
5035.301,6473.028,3
5037.50049,5398.909,1
5049.206,5878.0083,1
5059.906,6177.76074,3
5063.62061,6448.03125,3
5067.423,5796.313,1
5068.536,6018.81348,3
5070.021,6020.394,3
5077.76855,6693.089,3
5080.068,6571.16455,3
5083.84,5998.84766,3
5084.72559,6135.716,3
5086.59326,5599.049,1
5092.29639,6440.066,3
5094.49756,6149.98047,3
5097.48145,6223.903,3
5103.64,6524.591,3
5110.80225,5834.80371,1
5111.909,5984.123,3
5112.223,6278.885,3
5114.78564,5938.74,3
5118.22754,6114.12256,3
5123.9043,5931.722,3
5126.90771,6373.255,3
5136.115,5966.057,3
5137.79346,5917.30127,3
5139.45361,6674.20752,3
5140.162,5879.76025,1
5142.98438,6085.506,3
5145.875,6069.73975,3
5147.093,5724.18848,1
5147.83936,6240.089,3
5151.737,6097.442,3
5156.88525,6650.4707,3
5159.07568,6547.812,3
5162.82,5845.81,1
5164.14551,5951.76172,3
5171.38428,6365.2915,3
5178.23242,6130.3,3
5181.3916,5780.958,1
5181.91162,6022.981,3
5182.108,6601.44971,3
5183.673,5730.998,1
5185.27344,6635.18848,3
5188.472,5872.2793,1
5189.861,6786.907,3
5192.8916,6360.991,3
5193.802,6092.632,3
5195.813,6140.8374,3
5202.55469,6130.823,3
5207.854,5913.01,3
5208.088,6001.84375,3
5210.26,8275.589,3
5218.262,5808.035,1
5218.79639,6137.865,3
5218.914,6159.87646,3
5227.714,6630.619,3
5229.34033,6303.0415,3
5230.66846,6663.8125,3
5232.573,6028.73047,3
5234.572,6164.766,3
5243.28955,6151.24756,3
5245.656,6076.681,3
5249.649,6131.244,3
5250.737,6937.385,3
5253.533,7297.387,3
5261.41748,6474.21826,3
5267.18066,6407.38135,3
5268.66748,6054.727,3
5269.72754,6581.049,3
5269.98047,6281.261,3
5271.20654,6115.10938,3
5275.283,6462.59131,3
5280.573,6075.439,3
5282.77,6059.53,3
5283.36865,6476.75244,3
5285.94727,6491.66,3
5288.37,6228.52637,3
5294.50732,6644.56445,3
5295.45,6144.534,3
5299.231,6259.881,3
5302.79346,5806.187,1
5303.06348,6548.345,3
5303.20459,6332.2207,3
5305.046,5949.07861,3
5305.11133,6358.04932,3
5311.30029,6159.408,3
5313.806,6470.34375,3
5313.936,6183.11,3
5316.787,6249.18262,3
5323.248,6221.999,3
5325.48,6463.846,3
5325.97266,6045.07568,3
5327.39941,6053.67529,3
5338.26953,6997.88965,3
5339.79541,6361.095,3
5347.82764,6189.143,3
5356.195,6304.20166,3
5362.21729,6096.05225,3
5364.94238,6178.417,3
5372.28027,6416.826,3
5374.63965,6276.368,3
5375.35059,6375.693,3
5375.573,6316.066,3
5375.89355,6455.085,3
5376.614,6125.11963,3
5377.245,6173.408,3
5382.99561,6313.5293,3
5385.48,6086.8667,3
5386.2085,6400.874,3
5386.848,6371.19727,3
5391.7417,6253.89453,3
5393.911,6566.49951,3
5396.77246,6410.56738,3
5403.27246,6573.295,3
5405.399,6390.61768,3
5406.54736,7026.67773,3
5407.71533,5973.32227,3
5410.95557,6493.079,3
5411.187,6061.001,3
5412.997,6170.6665,3
5413.726,6568.99951,3
5423.149,6322.50537,3
5423.54736,6206.349,3
5424.633,6416.287,3
5425.40527,6488.473,3
5427.24365,6439.899,3
5428.044,6147.39355,3
5428.50342,6348.352,3
5429.55273,6721.931,3
5435.92773,6502.86426,3
5436.30762,6219.884,3
5437.425,6272.246,3
5438.647,6677.346,3
5440.5376,6553.834,3
5442.375,6359.10938,3
5442.86475,6294.614,3
5443.29,6152.588,3
5448.55225,6271.026,3
5449.29053,6272.265,3
5452.159,6986.166,3
5454.86768,6714.217,3
5460.14844,6205.05,3
5466.344,6384.74463,3
5466.77148,6482.76563,3
5470.714,6362.428,3
5470.81738,6286.03027,3
5471.236,6293.05957,3
5473.71826,6583.183,3
5477.07568,6315.96143,3
5479.39551,6516.59326,3
5483.34131,6153.818,3
5483.44629,6361.44434,3
5483.60547,6195.3125,3
5486.741,6224.89453,3
5487.87,6298.687,3
5491.007,6569.24561,3
5492.898,6220.922,3
5496.907,6507.474,3
5501.835,6157.431,3
5504.23633,6431.423,3
5509.632,6472.408,3
5510.692,6453.709,3
5512.63,6296.82568,3
5513.21533,6208.332,3
5515.94873,6518.222,3
5516.21,6325.871,3
5520.528,6458.148,3
5521.28662,6220.06543,3
5521.60352,6121.942,3
5522.40674,6677.656,3
5527.48145,6346.768,3
5529.018,6504.286,3
5531.07129,6462.622,3
5532.49365,6339.87,3
5532.512,6399.90967,3
5538.55566,6478.615,3
5542.359,6786.467,3
5542.67041,7242.146,3
5543.30371,6403.46729,3
5543.55371,6451.92773,3
5547.65771,6343.737,3
5549.338,6359.527,3
5549.58154,6805.23047,3
5550.56,6715.50928,3
5551.873,6492.84766,3
5552.127,6557.744,3
5557.43262,6392.87549,3
5560.0376,7579.108,3
5565.68652,6420.101,3
5573.35059,6600.978,3
5574.782,6371.11133,3
5578.73438,6306.57471,3
5582.57129,6387.97559,3
5584.80127,6534.41455,3
5585.46143,6382.19873,3
5588.573,6365.186,3
5588.77441,6522.2583,3
5590.918,6731.63867,3
5591.429,6645.774,3
5599.658,6212.218,3
5601.471,6406.532,3
5604.408,6329.09473,3
5610.02441,6174.14551,3
5614.391,6545.41357,3
5616.834,7239.2915,3
5617.52,6530.295,3
5621.406,6525.528,3
5624.44043,6484.92432,3
5625.024,6534.35254,3
5630.54639,6568.659,3
5630.723,6135.99951,3
5634.66,6185.295,3
5640.638,6463.384,3
5643.463,6705.188,3
5644.98047,6668.30029,3
5657.03027,6495.5957,3
5657.35,6490.413,3
5658.819,6369.67,3
5660.851,6543.345,3
5662.274,6333.759,3
5670.95557,6564.41846,3
5679.978,6797.089,3
5690.919,6392.814,3
5691.944,6884.36963,3
5693.823,6595.988,3
5719.395,6801.069,3
5730.33545,6742.237,3
5733.65332,6514.92139,3
5736.67529,6597.731,3
5761.98926,6596.90039,3
5764.712,6864.96875,3
5766.87354,6806.73242,3
5776.46533,6624.64648,3
5781.961,6426.813,3
5787.866,6857.128,3
5801.66357,6735.18066,3
5802.008,6788.02539,3
5803.93457,6663.09,3
5812.984,6808.91162,3
5813.028,6815.94,3
5815.161,6840.132,3
5831.66064,6600.18457,3
5847.254,6873.73633,3
5857.902,6880.104,3
5865.015,7094.718,3
5880.48047,6826.63,3
5891.684,7013.51855,3
5903.57,6897.195,3
5906.287,6829.906,3
5909.466,7077.058,3
5914.78174,6976.827,3
5916.872,7068.83447,3
5920.097,6695.58252,3
5924.098,6885.21875,3
5926.103,6544.839,3
5931.102,6918.148,3
5947.135,6815.788,3
5955.597,6926.05273,3
5959.545,7144.09766,3
5962.444,6719.97363,3
5980.03662,7027.69238,3
5993.371,6806.525,3
5995.22363,6775.78955,3
5996.28955,6881.087,3
5998.91357,6832.877,3
6001.98145,7114.07,3
6004.94775,6978.181,3
6015.3916,6830.876,3
6030.44141,7839.963,3
6040.9165,7229.367,3
6055.45557,6758.88965,3
6085.782,6999.706,3
6093.24072,6703.576,3
6094.675,6959.31445,3
6105.85156,7626.832,3
6106.49854,6817.743,3
6107.135,6906.494,3
6128.89258,7030.42969,3
6141.529,7011.272,3
6145.49,7133.06641,3
6237.31348,7006.18359,3
6280.041,7386.78125,3
6340.93066,6691.33447,3
6518.567,8168.775,3
7242.92773,8491.65,3
